time,durable_step,current_step,furthest_step,steps_at_risk,train_loss,tokens_b,nodes_training,nodes_lost,replacements,below_full_world,degraded_band,goodput,ms_per_step,ms_per_step_typical,whole_group_restarts,usd,usd_per_1k,supervisor_up
1786335903889,0,,0,0,,0.0,0,0,0,1,,,,,0,0,,1
1786335908667,0,,0,0,,0.0,0,0,0,1,,,,,0,0.0107,,1
1786335913167,0,,0,0,,0.0,0,0,0,1,,,,,0,0.0207,,1
1786335917815,0,,0,0,,0.0,0,0,0,1,,,,,0,0.0311,,1
1786335922298,0,,0,0,,0.0,0,0,0,1,,,,,0,0.0412,,1
1786335926783,0,,0,0,,0.0,0,0,0,1,,,,,0,0.0512,,1
1786335931431,0,,0,0,,0.0,0,0,0,1,,,,,0,0.0616,,1
1786335935873,0,,0,0,,0.0,0,0,0,1,,,,,0,0.0715,,1
1786335940323,0,,0,0,,0.0,0,0,0,1,,,,,0,0.0815,,1
1786335944839,0,,0,0,,0.0,0,0,0,1,,,,,0,0.0915,,1
1786335949257,0,,0,0,,0.0,0,0,0,1,,,,,0,0.1014,,1
1786335953709,0,,0,0,,0.0,0,0,0,1,,,,,0,0.1114,,1
1786335958140,0,,0,0,,0.0,0,0,0,1,,,,,0,0.1213,,1
1786335962523,0,,0,0,,0.0,0,0,0,1,,,,,0,0.1311,,1
1786335966905,0,,0,0,,0.0,0,0,0,1,,,,,0,0.1409,,1
1786335971301,0,,0,0,,0.0,0,0,0,1,,,,,0,0.1507,,1
1786335975775,0,,0,0,,0.0,0,0,0,1,,,,,0,0.1607,,1
1786335980177,0,,0,0,,0.0,0,0,0,1,,,,,0,0.1705,,1
1786335984453,0,,0,0,,0.0,0,0,0,1,,,,,0,0.1801,,1
1786335988835,0,,0,0,,0.0,0,0,0,1,,,,,0,0.1899,,1
1786335993095,0,,0,0,,0.0,0,0,0,1,,,,,0,0.1994,,1
1786335997329,0,,0,0,,0.0,0,0,0,1,,,,,0,0.2089,,1
1786336001561,0,,0,0,,0.0,0,0,0,1,,,,,0,0.2184,,1
1786336005850,0,,0,0,,0.0,0,0,0,1,,,,,0,0.2279,,1
1786336010137,0,,0,0,,0.0,0,0,0,1,,,,,0,0.2375,,1
1786336014379,0,,0,0,,0.0,0,0,0,1,,,,,0,0.247,,1
1786336018564,0,,0,0,,0.0,0,0,0,1,,,,,0,0.2564,,1
1786336022875,0,,0,0,,0.0,0,0,0,1,,,,,0,0.266,,1
1786336027042,0,,0,0,,0.0,0,0,0,1,,,,,0,0.2753,,1
1786336031263,0,,0,0,,0.0,0,0,0,1,,,,,0,0.2848,,1
1786336035560,0,,0,0,,0.0,0,0,0,1,,,,,0,0.2944,,1
1786336039701,0,,0,0,,0.0,0,0,0,1,,,,,0,0.3036,,1
1786336043913,0,,0,0,,0.0,0,0,0,1,,,,,0,0.313,,1
1786336048034,0,,0,0,,0.0,0,0,0,1,,,,,0,0.3222,,1
1786336052215,0,,0,0,,0.0,0,0,0,1,,,,,0,0.3316,,1
1786336056316,0,,0,0,,0.0,0,0,0,1,,,,,0,0.3408,,1
1786336060508,0,,0,0,,0.0,8,0,0,0,,,,,0,0.3501,,1
1786336065138,0,,0,0,,0.0,8,0,0,0,,,,,0,0.3605,,1
1786336069220,0,,0,0,,0.0,8,0,0,0,,,,,0,0.3696,,1
1786336073302,0,,0,0,,0.0,8,0,0,0,,,,,0,0.3787,,1
1786336077391,0,,0,0,,0.0,8,0,0,0,,,,,0,0.3879,,1
1786336081477,0,,0,0,,0.0,8,0,0,0,,,,,0,0.397,,1
1786336085674,0,,0,0,,0.0,8,0,0,0,,,,,0,0.4064,,1
1786336089734,0,,0,0,,0.0,8,0,0,0,,,,,0,0.4155,,1
1786336093840,0,,0,0,,0.0,8,0,0,0,,,,,0,0.4246,,1
1786336097886,0,,0,0,,0.0,8,0,0,0,,,,,0,0.4337,,1
1786336100171,0,10,10,10,10.3813,0.004915,8,0,0,0,,,2110,1756,0,0.4388,43.8799,1
1786336117614,0,20,20,20,9.7499,0.00983,8,0,0,0,,0.0,1744,1752,0,0.4778,23.8897,1
1786336134816,0,30,30,30,9.484,0.014746,8,0,0,0,,0.0,1720,1752,0,0.5163,17.2083,1
1786336170313,33,40,40,7,9.2509,0.019661,8,0,0,0,,0.0,3550,1752,0,0.5956,14.8901,1
1786336188132,33,50,50,17,9.0131,0.024576,8,0,0,0,,0.0,1782,1756,0,0.6354,12.7088,1
1786336205541,33,60,60,27,8.7937,0.029491,8,0,0,0,,0.0,1741,1756,0,0.6744,11.2393,1
1786336223064,33,70,70,37,8.6378,0.034406,8,0,0,0,,0.0,1752,1756,0,0.7135,10.1933,1
1786336240372,33,80,80,47,8.4069,0.039322,8,0,0,0,,0.0,1731,1752,0,0.7522,9.4028,1
1786336270788,33,90,90,57,8.1871,0.044237,8,0,0,0,,0.0,3042,1752,0,0.8202,9.1136,1
1786336293218,85,100,100,15,7.9915,0.049152,8,0,0,0,,0.0,2243,1752,0,0.8704,8.7037,1
1786336310569,85,110,110,25,7.7517,0.054067,8,0,0,0,,0.0,1735,1752,0,0.9092,8.2651,1
1786336327899,85,120,120,35,7.5839,0.058982,8,0,0,0,,0.0,1733,1751,0,0.9479,7.8991,1
1786336345258,85,130,130,45,7.3964,0.063898,8,0,0,0,,0.0,1736,1751,0,0.9867,7.59,1
1786336374574,85,140,140,55,7.2211,0.068813,8,0,0,0,,0.0,2932,1744,0,1.0522,7.516,1
1786336396766,137,150,150,13,7.117,0.073728,8,0,0,0,,0.0,2219,1751,0,1.1019,7.3457,1
1786336414329,137,160,160,23,6.9379,0.078643,8,0,0,0,,0.0,1756,1751,0,1.1411,7.132,1
1786336431712,137,170,170,33,6.8358,0.083558,8,0,0,0,,0.0,1738,1744,0,1.18,6.941,1
1786336449060,137,180,180,43,6.7743,0.088474,8,0,0,0,,0.0,1735,1751,0,1.2188,6.7709,1
1786336477586,137,190,190,53,6.6791,0.093389,8,0,0,0,,0.0,2853,1752,0,1.2825,6.7502,1
1786336500285,189,200,200,11,6.6572,0.098304,8,0,0,0,,0.0,2270,1751,0,1.3333,6.6664,1
1786336517935,189,210,210,21,6.5197,0.103219,8,0,0,0,,0.0,1765,1741,0,1.3727,6.5368,1
1786336535275,189,220,220,31,6.4665,0.108134,8,0,0,0,,0.0,1734,1740,0,1.4115,6.4159,1
1786336552609,189,230,230,41,6.4225,0.11305,8,0,0,0,,0.0,1733,1740,0,1.4502,6.3054,1
1786336569913,189,240,240,51,6.3457,0.117965,8,0,0,0,,0.0,1730,1751,0,1.4889,6.2039,1
1786336604374,241,250,250,9,6.3171,0.12288,8,0,0,0,,0.0,3446,1751,0,1.566,6.2639,1
1786336621886,241,260,260,19,6.3258,0.127795,8,0,0,0,,0.0,1751,1740,0,1.6051,6.1735,1
1786336639227,241,270,270,29,6.2252,0.13271,8,0,0,0,,0.0,1734,1740,0,1.6439,6.0885,1
1786336656630,241,280,280,39,6.2144,0.137626,8,0,0,0,,0.0,1740,1751,0,1.6828,6.01,1
1786336674020,241,290,290,49,6.1863,0.142541,8,0,0,0,,0.0,1739,1751,0,1.7217,5.9368,1
1786336707790,293,300,300,7,6.1815,0.147456,8,0,0,0,,0.0,3377,1751,0,1.7972,5.9906,1
1786336757893,293,310,310,17,6.124,0.152371,8,0,0,0,,0.0,5010,1751,0,1.9092,6.1586,1
1786336775264,293,320,320,27,6.0781,0.157286,8,0,0,0,,0.0,1737,1741,0,1.948,6.0875,1
1786336804791,324,330,330,6,6.0659,0.162202,8,0,0,0,,0.0,2953,1751,0,2.014,6.1031,1
1786336826653,324,340,340,16,6.0683,0.167117,8,0,0,0,,0.0,2186,1751,0,2.0629,6.0673,1
1786336843972,324,350,350,26,6.0512,0.172032,8,0,0,0,,0.0,1732,1751,0,2.1016,6.0046,1
1786336861352,324,360,360,36,5.9769,0.176947,8,0,0,0,,0.0,1738,1751,0,2.1405,5.9457,1
1786336878664,324,370,370,46,5.9596,0.181862,8,0,0,0,,0.0,1731,1741,0,2.1792,5.8896,1
1786336907535,324,380,380,56,5.9097,0.186778,8,0,0,0,,0.0,2887,1741,0,2.2437,5.9045,1
1786336929921,376,390,390,14,5.8639,0.191693,8,0,0,0,,0.0,2239,1751,0,2.2938,5.8814,1
1786336947426,376,400,400,24,5.8944,0.196608,8,0,0,0,,0.0,1751,1751,0,2.3329,5.8322,1
1786336964816,376,410,410,34,5.8634,0.201523,8,0,0,0,,0.0,1739,1751,0,2.3718,5.7848,1
1786336982154,376,420,420,44,5.8442,0.206438,8,0,0,0,,0.0,1734,1741,0,2.4105,5.7393,1
1786337010337,376,430,430,54,5.7871,0.211354,8,0,0,0,,0.0,2818,1741,0,2.4735,5.7524,1
1786337033441,428,440,440,12,5.8024,0.216269,8,0,0,0,,0.0,2310,1751,0,2.5252,5.739,1
1786337051407,428,450,450,22,5.7333,0.221184,8,0,0,0,,0.0,1797,1753,0,2.5653,5.7008,1
1786337068786,428,460,460,32,5.7119,0.226099,8,0,0,0,,0.0,1738,1753,0,2.6042,5.6613,1
1786337086196,428,470,470,42,5.7272,0.231014,8,0,0,0,,0.0,1741,1753,0,2.6431,5.6236,1
1786337103905,428,480,480,52,5.6764,0.23593,8,0,0,0,,0.0,1771,1762,0,2.6827,5.589,1
1786337137618,480,490,490,10,5.6407,0.240845,8,0,0,0,,0.0,3371,1753,0,2.7581,5.6287,1
1786337155241,480,500,500,20,5.6327,0.24576,8,0,0,0,,0.0,1762,1752,0,2.7975,5.5949,1
1786337172588,480,510,510,30,5.573,0.250675,8,0,0,0,,0.0,1735,1752,0,2.8362,5.5613,1
1786337189882,480,520,520,40,5.5655,0.25559,8,0,0,0,,0.0,1729,1753,0,2.8749,5.5287,1
1786337207232,480,530,530,50,5.5443,0.260506,8,0,0,0,,0.0,1735,1762,0,2.9137,5.4975,1
1786337240990,532,540,540,8,5.53,0.265421,8,0,0,0,,0.0,3376,1753,0,2.9892,5.5355,1
1786337258520,532,550,550,18,5.4826,0.270336,8,0,0,0,,0.0,1753,1752,0,3.0284,5.5061,1
1786337275914,532,560,560,28,5.4848,0.275251,8,0,0,0,,0.0,1739,1752,0,3.0672,5.4772,1
1786337293291,532,570,570,38,5.4622,0.280166,8,0,0,0,,0.0,1738,1753,0,3.1061,5.4493,1
1786337310640,532,580,580,48,5.4287,0.285082,8,0,0,0,,0.0,1735,1762,0,3.1449,5.4222,1
1786337339774,532,590,590,58,5.4169,0.289997,8,0,0,0,,0.0,2913,1753,0,3.21,5.4407,1
1786337361883,584,600,600,16,5.3766,0.294912,8,0,0,0,,0.0,2211,1752,0,3.2594,5.4324,1
1786337411969,584,610,610,26,5.343,0.299827,8,0,0,0,,0.0,5009,1742,0,3.3714,5.5269,1
1786337441503,614,620,620,6,5.3547,0.304742,8,0,0,0,,0.0,2953,1752,0,3.4374,5.5442,1
1786337463676,614,630,630,16,5.2906,0.309658,8,0,0,0,,0.0,2217,1753,0,3.487,5.5349,1
1786337481030,614,640,640,26,5.2752,0.314573,8,0,0,0,,0.0,1735,1753,0,3.5258,5.509,1
1786337498555,614,650,650,36,5.2469,0.319488,8,0,0,0,,0.0,1752,1752,0,3.565,5.4846,1
1786337515908,614,660,660,46,5.2009,0.324403,8,0,0,0,,0.0,1735,1742,0,3.6038,5.4602,1
1786337545708,614,670,670,56,5.2692,0.329318,8,0,0,0,,0.0,2980,1752,0,3.6704,5.4782,1
1786337567992,665,680,680,15,5.2008,0.334234,8,0,0,0,,0.0,2228,1753,0,3.7202,5.4709,1
1786337585363,665,690,690,25,5.1564,0.339149,8,0,0,0,,0.0,1737,1764,0,3.759,5.4479,1
1786337602781,665,700,700,35,5.1696,0.344064,8,0,0,0,,0.0,1742,1753,0,3.798,5.4257,1
1786337620117,665,710,710,45,5.1135,0.348979,8,0,0,0,,0.0,1734,1752,0,3.8367,5.4038,1
1786337649438,665,720,720,55,5.0745,0.353894,8,0,0,0,,0.0,2932,1764,0,3.9023,5.4198,1
1786337671511,716,730,730,14,5.1331,0.35881,8,0,0,0,,0.0,2207,1777,0,3.9516,5.4132,1
1786337688916,716,740,740,24,5.0773,0.363725,8,0,0,0,,0.0,1741,1788,0,3.9905,5.3926,1
1786337706289,716,750,750,34,5.0461,0.36864,8,0,0,0,,0.0,1737,1788,0,4.0294,5.3725,1
1786337723609,716,760,760,44,5.0307,0.373555,8,0,0,0,,0.0,1732,1788,0,4.0681,5.3527,1
1786337752447,716,770,770,54,5.0138,0.37847,8,0,0,0,,0.0,2884,1788,0,4.1326,5.367,1
1786337775347,768,780,780,12,5.0039,0.383386,8,0,0,0,,0.0,2290,1788,0,4.1837,5.3638,1
1786337792986,768,790,790,22,4.9688,0.388301,8,0,0,0,,0.0,1764,1777,0,4.2232,5.3458,1
1786337810329,768,800,800,32,4.9143,0.393216,8,0,0,0,,0.0,1734,1777,0,4.262,5.3274,1
1786337827723,768,810,810,42,4.9032,0.398131,8,0,0,0,,0.0,1739,1788,0,4.3008,5.3097,1
1786337855822,768,820,820,52,4.8968,0.403046,8,0,0,0,,0.0,2810,1788,0,4.3637,5.3215,1
1786337879017,819,830,830,11,4.8633,0.407962,8,0,0,0,,0.0,2319,1783,0,4.4155,5.3199,1
1786337896893,819,840,840,21,4.8215,0.412877,8,0,0,0,,0.0,1788,1777,0,4.4555,5.3041,1
1786337914250,819,850,850,31,4.8527,0.417792,8,0,0,0,,0.0,1736,1777,0,4.4943,5.2874,1
1786337931661,819,860,860,41,4.8191,0.422707,8,0,0,0,,0.0,1741,1783,0,4.5332,5.2712,1
1786337949430,819,870,870,51,4.7982,0.427622,8,0,0,0,,0.0,1777,1783,0,4.5729,5.2562,1
1786338007177,870,880,880,10,4.7865,0.432538,7,1,0,1,880,0.0,2057,1777,0,4.6949,5.3351,1
1786338027019,870,890,890,20,4.7294,0.437453,7,1,0,1,890,0.0,1984,1764,0,4.7393,5.325,1
1786338046901,870,900,900,30,4.7094,0.442368,7,1,0,1,900,0.0,1988,1764,0,4.7837,5.3152,1
1786338117429,900,910,910,10,4.6929,0.447283,7,1,0,1,910,0.0,7053,1777,0,4.9414,5.4301,1
1786338137989,900,920,920,20,4.6803,0.452198,7,1,0,1,920,0.0,2056,1783,0,4.9873,5.421,1
1786338225746,900,910,920,10,4.6834,0.447283,8,1,1,0,,0.0,2669,1777,0,5.1835,5.6962,1
1786338243005,900,920,920,20,4.6656,0.452198,8,1,1,0,,0.0,1726,1764,0,5.2221,5.6762,1
1786338260206,900,930,930,30,4.6522,0.457114,8,1,1,0,,0.0,1720,1763,0,5.2606,5.6565,1
1786338296165,930,940,940,10,4.6041,0.462029,8,1,1,0,,0.0,3596,1777,0,5.341,5.6819,1
1786338313994,930,950,950,20,4.6267,0.466944,8,1,1,0,,0.0,1783,1783,0,5.3808,5.664,1
1786338331346,930,960,960,30,4.5671,0.471859,8,1,1,0,,0.0,1735,1777,0,5.4196,5.6454,1
1786338348705,930,970,970,40,4.58,0.476774,8,1,1,0,,0.0,1736,1763,0,5.4584,5.6272,1
1786338366092,930,980,980,50,4.5578,0.48169,8,1,1,0,,0.0,1739,1746,0,5.4973,5.6095,1
1786338401806,982,990,990,8,4.4916,0.486605,8,1,1,0,,0.0,3571,1763,0,5.5771,5.6335,1
1786338419440,982,1000,1000,18,4.5146,0.49152,8,1,1,0,,0.0,1763,1777,0,5.6165,5.6165,1
1786338436875,982,1010,1010,28,4.4897,0.496435,8,1,1,0,,0.0,1744,1763,0,5.6555,5.5995,1
1786338454194,982,1020,1020,38,4.4727,0.50135,8,1,1,0,,0.0,1732,1757,0,5.6942,5.5826,1
1786338471652,982,1030,1030,48,4.474,0.506266,8,1,1,0,,0.0,1746,1746,0,5.7333,5.5663,1
1786338505468,1033,1040,1040,7,4.469,0.511181,8,1,1,0,,0.0,3382,1746,0,5.8089,5.5854,1
1786338523476,1033,1050,1050,17,4.4277,0.516096,8,1,1,0,,0.0,1801,1746,0,5.8491,5.5706,1
1786338540901,1033,1060,1060,27,4.4321,0.521011,8,1,1,0,,0.0,1742,1746,0,5.8881,5.5548,1
1786338558316,1033,1070,1070,37,4.3955,0.525926,8,1,1,0,,0.0,1741,1746,0,5.927,5.5393,1
1786338575681,1033,1080,1080,47,4.3973,0.530842,8,1,1,0,,0.0,1737,1757,0,5.9658,5.5239,1
1786338604612,1033,1090,1090,57,4.4083,0.535757,8,1,1,0,,0.0,2893,1757,0,6.0305,5.5326,1
1786338626775,1085,1100,1100,15,4.3372,0.540672,8,1,1,0,,0.0,2216,1750,0,6.0801,5.5273,1
1786338644215,1085,1110,1110,25,4.3515,0.545587,8,1,1,0,,0.0,1744,1746,0,6.119,5.5127,1
1786338661607,1085,1120,1120,35,4.3473,0.550502,8,1,1,0,,0.0,1739,1746,0,6.1579,5.4981,1
1786338679057,1085,1130,1130,45,4.3377,0.555418,8,1,1,0,,0.0,1745,1750,0,6.1969,5.484,1
1786338708155,1085,1140,1140,55,4.3157,0.560333,8,1,1,0,,0.0,2910,1757,0,6.262,5.493,1
1786338730128,1137,1150,1150,13,4.3228,0.565248,8,1,1,0,,0.0,2197,1750,0,6.3111,5.4879,1
1786338747698,1137,1160,1160,23,4.3022,0.570163,8,1,1,0,,0.0,1757,1750,0,6.3504,5.4745,1
1786338765035,1137,1170,1170,33,4.2905,0.575078,8,1,1,0,,0.0,1734,1751,0,6.3891,5.4608,1
1786338782452,1137,1180,1180,43,4.2682,0.579994,8,1,1,0,,0.0,1742,1755,0,6.4281,5.4475,1
1786338810940,1137,1190,1190,53,4.2746,0.584909,8,1,1,0,,0.0,2849,1757,0,6.4918,5.4553,1
1786338834199,1189,1200,1200,11,4.2654,0.589824,8,1,1,0,,0.0,2326,1755,0,6.5438,5.4531,1
1786338884295,1189,1210,1210,21,4.2547,0.594739,8,1,1,0,,0.0,5010,1755,0,6.6558,5.5006,1
1786338912933,1189,1220,1220,31,4.2258,0.599654,8,1,1,0,,0.0,2864,1755,0,6.7198,5.508,1
1786338935414,1219,1230,1230,11,4.2278,0.60457,8,1,1,0,,0.0,2248,1757,0,6.77,5.5041,1
1786338952875,1219,1240,1240,21,4.2044,0.609485,8,1,1,0,,0.0,1746,1761,0,6.8091,5.4912,1
1786338970372,1219,1250,1250,31,4.197,0.6144,8,1,1,0,,0.0,1750,1757,0,6.8482,5.4785,1
1786338987776,1219,1260,1260,41,4.1931,0.619315,8,1,1,0,,0.0,1740,1755,0,6.8871,5.4659,1
1786339005200,1219,1270,1270,51,4.2049,0.62423,8,1,1,0,,0.0,1742,1755,0,6.926,5.4536,1
1786339038999,1272,1280,1280,8,4.1799,0.629146,8,1,1,0,,0.0,3380,1757,0,7.0016,5.47,1
1786339056610,1272,1290,1290,18,4.1669,0.634061,8,1,1,0,,0.0,1761,1761,0,7.041,5.4581,1
1786339074002,1272,1300,1300,28,4.16,0.638976,8,1,1,0,,0.0,1739,1761,0,7.0799,5.446,1
1786339091557,1272,1310,1310,38,4.1418,0.643891,8,1,1,0,,0.0,1755,1757,0,7.1191,5.4344,1
1786339109066,1272,1320,1320,48,4.1284,0.648806,8,1,1,0,,0.0,1751,1755,0,7.1582,5.4229,1
1786339140756,1323,1330,1330,7,4.1168,0.653722,8,1,1,0,,0.0,3169,1761,0,7.2291,5.4354,1
1786339160118,1323,1340,1340,17,4.0883,0.658637,8,1,1,0,,0.0,1936,1765,0,7.2724,5.4271,1
1786339177566,1323,1350,1350,27,4.1167,0.663552,8,1,1,0,,0.0,1745,1765,0,7.3114,5.4158,1
1786339195252,1323,1360,1360,37,4.0942,0.668467,8,1,1,0,,0.0,1769,1765,0,7.3509,5.4051,1
1786339212698,1323,1370,1370,47,4.0981,0.673382,8,1,1,0,,0.0,1745,1765,0,7.3899,5.3941,1
1786339241684,1323,1380,1380,57,4.0823,0.678298,8,1,1,0,,0.0,2899,1761,0,7.4547,5.402,1
1786339264009,1375,1390,1390,15,4.0613,0.683213,8,1,1,0,,0.0,2232,1755,0,7.5046,5.399,1
1786339281427,1375,1400,1400,25,4.0829,0.688128,8,1,1,0,,0.0,1742,1755,0,7.5436,5.3883,1
1786339298812,1375,1410,1410,35,4.0789,0.693043,8,1,1,0,,0.0,1738,1761,0,7.5824,5.3776,1
1786339316223,1375,1420,1420,45,4.079,0.697958,8,1,1,0,,0.0,1741,1765,0,7.6214,5.3671,1
1786339345373,1375,1430,1430,55,4.0017,0.702874,8,1,1,0,,0.0,2915,1765,0,7.6865,5.3752,1
1786339367460,1426,1440,1440,14,4.0375,0.707789,8,1,1,0,,0.0,2209,1761,0,7.7359,5.3722,1
1786339385108,1426,1450,1450,24,4.0363,0.712704,8,1,1,0,,0.0,1765,1755,0,7.7753,5.3623,1
1786339402540,1426,1460,1460,34,4.0806,0.717619,8,1,1,0,,0.0,1743,1765,0,7.8143,5.3523,1
1786339419934,1426,1470,1470,44,4.0449,0.722534,8,1,1,0,,0.0,1739,1767,0,7.8532,5.3423,1
1786339448787,1426,1480,1480,54,4.0384,0.72745,8,1,1,0,,0.0,2885,1767,0,7.9177,5.3498,1
1786339471562,1478,1490,1490,12,4.038,0.732365,8,1,1,0,,0.0,2278,1765,0,7.9686,5.3481,1
1786339489231,1478,1500,1500,22,3.9954,0.73728,8,1,1,0,,0.0,1767,1757,0,8.0081,5.3387,1
1786339557263,1504,1510,1510,6,3.9861,0.742195,8,1,1,0,,0.0,6803,1765,0,8.1602,5.4041,1
1786339579087,1504,1520,1520,16,4.0012,0.74711,8,1,1,0,,0.0,2182,1765,0,8.209,5.4007,1
1786339596531,1504,1530,1530,26,3.9927,0.752026,8,1,1,0,,0.0,1744,1765,0,8.248,5.3908,1
1786339613899,1504,1540,1540,36,3.9937,0.756941,8,1,1,0,,0.0,1737,1757,0,8.2868,5.3811,1
1786339631334,1504,1550,1550,46,4.0024,0.761856,8,1,1,0,,0.0,1744,1755,0,8.3258,5.3715,1
1786339660812,1504,1560,1560,56,4.0102,0.766771,8,1,1,0,,0.0,2948,1757,0,8.3917,5.3793,1
1786339683522,1556,1570,1570,14,3.9746,0.771686,8,1,1,0,,0.0,2271,1765,0,8.4425,5.3774,1
1786339700943,1556,1580,1580,24,3.9633,0.776602,8,1,1,0,,0.0,1742,1765,0,8.4814,5.368,1
1786339718293,1556,1590,1590,34,3.9719,0.781517,8,1,1,0,,0.0,1735,1757,0,8.5202,5.3586,1
1786339735627,1556,1600,1600,44,3.9664,0.786432,8,1,1,0,,0.0,1733,1757,0,8.559,5.3493,1
1786339765145,1556,1610,1610,54,3.9517,0.791347,8,1,1,0,,0.0,2952,1757,0,8.6249,5.3571,1
1786339787407,1607,1620,1620,13,3.9616,0.796262,8,1,1,0,,0.0,2226,1759,0,8.6747,5.3548,1
1786339804982,1607,1630,1630,23,3.9512,0.801178,8,1,1,0,,0.0,1757,1764,0,8.714,5.346,1
1786339822385,1607,1640,1640,33,3.9427,0.806093,8,1,1,0,,0.0,1740,1759,0,8.7529,5.3371,1
1786339839724,1607,1650,1650,43,3.9433,0.811008,8,1,1,0,,0.0,1734,1757,0,8.7917,5.3283,1
1786339868561,1607,1660,1660,53,3.9017,0.815923,8,1,1,0,,0.0,2884,1757,0,8.8561,5.335,1
1786339891092,1658,1670,1670,12,3.958,0.820838,8,1,1,0,,0.0,2253,1757,0,8.9065,5.3332,1
1786339908640,1658,1680,1680,22,3.8932,0.825754,8,1,1,0,,0.0,1755,1755,0,8.9457,5.3248,1
1786339926030,1658,1690,1690,32,3.9332,0.830669,8,1,1,0,,0.0,1739,1755,0,8.9846,5.3163,1
1786339943447,1658,1700,1700,42,3.9136,0.835584,8,1,1,0,,0.0,1742,1755,0,9.0235,5.308,1
1786339971516,1658,1710,1710,52,3.8718,0.840499,8,1,1,0,,0.0,2807,1757,0,9.0863,5.3136,1
1786339994560,1709,1720,1720,11,3.8659,0.845414,8,1,1,0,,0.0,2304,1755,0,9.1378,5.3127,1
1786340012103,1709,1730,1730,21,3.9018,0.85033,8,1,1,0,,0.0,1754,1754,0,9.177,5.3046,1
1786340029535,1709,1740,1740,31,3.9036,0.855245,8,1,1,0,,0.0,1743,1754,0,9.216,5.2966,1
1786340047130,1709,1750,1750,41,3.8691,0.86016,8,1,1,0,,0.0,1759,1754,0,9.2553,5.2888,1
1786340064940,1709,1760,1760,51,3.8741,0.865075,8,1,1,0,,0.0,1781,1755,0,9.2952,5.2813,1
1786340098692,1760,1770,1770,10,3.872,0.86999,8,1,1,0,,0.0,3375,1755,0,9.3706,5.2941,1
1786340116331,1760,1780,1780,20,3.8499,0.874906,8,1,1,0,,0.0,1764,1754,0,9.41,5.2865,1
1786340133728,1760,1790,1790,30,3.8689,0.879821,8,1,1,0,,0.0,1740,1750,0,9.4489,5.2787,1
1786340151126,1760,1800,1800,40,3.8305,0.884736,8,1,1,0,,0.0,1740,1750,0,9.4878,5.271,1
1786340217908,1800,1810,1810,10,3.8667,0.889651,8,1,1,0,,0.0,6678,1754,0,9.6371,5.3244,1
1786340235532,1800,1820,1820,20,3.894,0.894566,8,1,1,0,,0.0,1762,1750,0,9.6765,5.3168,1
1786340252943,1800,1830,1830,30,3.8636,0.899482,8,1,1,0,,0.0,1741,1747,0,9.7154,5.309,1
1786340270378,1800,1840,1840,40,3.8517,0.904397,8,1,1,0,,0.0,1744,1744,0,9.7544,5.3013,1
1786340287820,1800,1850,1850,50,3.8165,0.909312,8,1,1,0,,0.0,1744,1744,0,9.7934,5.2937,1
1786340322098,1851,1860,1860,9,3.8256,0.914227,8,1,1,0,,0.0,3428,1747,0,9.87,5.3065,1
1786340339603,1851,1870,1870,19,3.8437,0.919142,8,1,1,0,,0.0,1750,1747,0,9.9092,5.299,1
1786340357016,1851,1880,1880,29,3.8269,0.924058,8,1,1,0,,0.0,1741,1744,0,9.9481,5.2915,1
1786340374452,1851,1890,1890,39,3.8332,0.928973,8,1,1,0,,0.0,1744,1744,0,9.9871,5.2842,1
1786340391923,1851,1900,1900,49,3.8128,0.933888,8,1,1,0,,0.0,1747,1744,0,10.0261,5.2769,1
1786340426249,1902,1910,1910,8,3.8096,0.938803,8,1,1,0,,0.0,3433,1744,0,10.1029,5.2895,1
1786340443863,1902,1920,1920,18,3.822,0.943718,8,1,1,0,,0.0,1761,1744,0,10.1423,5.2824,1
1786340461268,1902,1930,1930,28,3.8178,0.948634,8,1,1,0,,0.0,1740,1744,0,10.1812,5.2752,1
1786340478639,1902,1940,1940,38,3.8101,0.953549,8,1,1,0,,0.0,1737,1744,0,10.22,5.268,1
1786340495974,1902,1950,1950,48,3.8191,0.958464,8,1,1,0,,0.0,1734,1744,0,10.2588,5.2609,1
1786340530115,1953,1960,1960,7,3.8031,0.963379,8,1,1,0,,0.0,3414,1744,0,10.3351,5.273,1
1786340547503,1953,1970,1970,17,3.7842,0.968294,8,1,1,0,,0.0,1739,1744,0,10.3739,5.266,1
1786340564877,1953,1980,1980,27,3.842,0.97321,8,1,1,0,,0.0,1737,1744,0,10.4128,5.259,1
1786340582300,1953,1990,1990,37,3.7922,0.978125,8,1,1,0,,0.0,1742,1744,0,10.4517,5.2521,1
1786340599672,1953,2000,2000,47,3.8299,0.98304,8,1,1,0,,0.0,1737,1744,0,10.4906,5.2453,1
1786340629333,1953,2010,2010,57,3.7794,0.987955,8,1,1,0,,0.0,2966,1745,0,10.5569,5.2522,1
1786340652171,2005,2020,2020,15,3.8049,0.99287,8,1,1,0,,0.0,2284,1745,0,10.6079,5.2515,1
1786340669547,2005,2030,2030,25,3.7422,0.997786,8,1,1,0,,0.0,1738,1745,0,10.6468,5.2447,1
1786340686965,2005,2040,2040,35,3.7694,1.002701,8,1,1,0,,0.0,1742,1745,0,10.6857,5.2381,1
1786340704420,2005,2050,2050,45,3.7506,1.007616,8,1,1,0,,0.0,1745,1745,0,10.7247,5.2316,1
1786340733804,2005,2060,2060,55,3.749,1.012531,8,1,1,0,,0.0,2938,1745,0,10.7904,5.2381,1
1786340755926,2056,2070,2070,14,3.785,1.017446,8,1,1,0,,0.0,2212,1745,0,10.8399,5.2367,1
1786340773395,2056,2080,2080,24,3.7506,1.022362,8,1,1,0,,0.0,1747,1744,0,10.8789,5.2303,1
1786340790754,2056,2090,2090,34,3.7462,1.027277,8,1,1,0,,0.0,1736,1745,0,10.9177,5.2238,1
1786340808162,2056,2100,2100,44,3.729,1.032192,8,1,1,0,,0.0,1741,1745,0,10.9567,5.2175,1
1786340874772,2100,2110,2110,10,3.7524,1.037107,8,1,1,0,,0.0,6661,1745,0,11.1056,5.2633,1
1786340892221,2100,2120,2120,20,3.7431,1.042022,8,1,1,0,,0.0,1745,1745,0,11.1446,5.2569,1
1786340909674,2100,2130,2130,30,3.7265,1.046938,8,1,1,0,,0.0,1745,1745,0,11.1836,5.2505,1
1786340927115,2100,2140,2140,40,3.7524,1.051853,8,1,1,0,,0.0,1744,1745,0,11.2226,5.2442,1
1786340944520,2100,2150,2150,50,3.719,1.056768,8,1,1,0,,0.0,1741,1745,0,11.2615,5.2379,1
1786340978709,2151,2160,2160,9,3.7509,1.061683,8,1,1,0,,0.0,3419,1745,0,11.3379,5.249,1
1786340996178,2151,2170,2170,19,3.717,1.066598,8,1,1,0,,0.0,1747,1745,0,11.377,5.2429,1
1786341013637,2151,2180,2180,29,3.7297,1.071514,8,1,1,0,,0.0,1746,1745,0,11.416,5.2367,1
1786341031058,2151,2190,2190,39,3.7433,1.076429,8,1,1,0,,0.0,1742,1745,0,11.455,5.2306,1
1786341048434,2151,2200,2200,49,3.6848,1.081344,8,1,1,0,,0.0,1738,1745,0,11.4938,5.2245,1
1786341082251,2203,2210,2210,7,3.7245,1.086259,8,1,1,0,,0.0,3382,1745,0,11.5694,5.235,1
1786341099782,2203,2220,2220,17,3.7146,1.091174,8,1,1,0,,0.0,1753,1745,0,11.6086,5.2291,1
1786341117147,2203,2230,2230,27,3.7018,1.09609,8,1,1,0,,0.0,1737,1745,0,11.6474,5.2231,1
1786341134608,2203,2240,2240,37,3.6951,1.101005,8,1,1,0,,0.0,1746,1745,0,11.6865,5.2172,1
1786341152000,2203,2250,2250,47,3.7106,1.10592,8,1,1,0,,0.0,1739,1745,0,11.7253,5.2113,1
1786341181770,2203,2260,2260,57,3.7075,1.110835,8,1,1,0,,0.0,2977,1746,0,11.7919,5.2176,1
1786341203828,2254,2270,2270,16,3.6613,1.11575,8,1,1,0,,0.0,2206,1746,0,11.8412,5.2164,1
1786341221230,2254,2280,2280,26,3.6276,1.120666,8,1,1,0,,0.0,1740,1746,0,11.8801,5.2106,1
1786341238620,2254,2290,2290,36,3.6773,1.125581,8,1,1,0,,0.0,1739,1747,0,11.919,5.2048,1
1786341256016,2254,2300,2300,46,3.6598,1.130496,8,1,1,0,,0.0,1740,1748,0,11.9579,5.1991,1
1786341285370,2254,2310,2310,56,3.695,1.135411,8,1,1,0,,0.0,2935,1752,0,12.0235,5.205,1
1786341307814,2306,2320,2320,14,3.6701,1.140326,8,1,1,0,,0.0,2244,1752,0,12.0737,5.2042,1
1786341325258,2306,2330,2330,24,3.7092,1.145242,8,1,1,0,,0.0,1744,1753,0,12.1127,5.1986,1
1786341342662,2306,2340,2340,34,3.6789,1.150157,8,1,1,0,,0.0,1740,1757,0,12.1516,5.193,1
1786341360103,2306,2350,2350,44,3.7007,1.155072,8,1,1,0,,0.0,1744,1941,0,12.1906,5.1875,1
1786341389420,2306,2360,2360,54,3.6716,1.159987,8,1,1,0,,0.0,2932,1941,0,12.2561,5.1933,1
1786341411468,2357,2370,2370,13,3.6397,1.164902,8,1,1,0,,0.0,2205,1757,0,12.3054,5.1921,1
1786341429041,2357,2380,2380,23,3.6498,1.169818,8,1,1,0,,0.0,1757,1941,0,12.3447,5.1868,1
1786341446520,2357,2390,2390,33,3.6276,1.174733,8,1,1,0,,0.0,1748,1988,0,12.3838,5.1815,1
1786341463867,2357,2400,2400,43,3.6873,1.179648,8,1,1,0,,0.0,1735,1988,0,12.4225,5.1761,1
1786341530475,2400,2410,2410,10,3.6649,1.184563,8,1,1,0,,0.0,6661,1988,0,12.5714,5.2164,1
1786341548000,2400,2420,2420,20,3.6457,1.189478,8,1,1,0,,0.0,1752,1941,0,12.6106,5.211,1
1786341604101,2400,2410,2420,10,3.6677,1.184563,7,2,1,1,2420,0.0,2054,1941,0,12.7289,5.2817,1
1786341623986,2400,2420,2420,20,3.6539,1.189478,7,2,1,1,2420,0.0,1988,1988,0,12.7733,5.2782,1
1786341643861,2400,2430,2430,30,3.6932,1.194394,7,2,1,1,2430,0.0,1988,1988,0,12.8178,5.2748,1
1786341681238,2430,2440,2440,10,3.6662,1.199309,7,2,1,1,2440,0.0,3738,1988,0,12.9013,5.2874,1
1786341701649,2430,2450,2450,20,3.6366,1.204224,7,2,1,1,2450,0.0,2041,1941,0,12.9469,5.2845,1
1786341721748,2430,2460,2460,30,3.6297,1.209139,7,2,1,1,2460,0.0,2010,1941,0,12.9919,5.2812,1
1786341741785,2430,2470,2470,40,3.6403,1.214054,7,2,1,1,2470,0.0,2004,1988,0,13.0367,5.278,1
1786341804349,2430,2440,2470,10,3.6384,1.199309,8,2,2,0,,0.0,1941,1988,0,13.1765,5.4002,1
1786341821595,2430,2450,2470,20,3.6272,1.204224,8,2,2,0,,0.0,1725,1988,0,13.2151,5.3939,1
1786341838868,2430,2460,2470,30,3.6371,1.209139,8,2,2,0,,0.0,1727,1941,0,13.2537,5.3877,1
1786341869824,2464,2470,2470,6,3.6251,1.214054,8,2,2,0,,0.0,3096,1763,0,13.3229,5.3939,1
1786341891931,2464,2480,2480,16,3.6278,1.21897,8,2,2,0,,0.0,2211,1941,0,13.3723,5.3921,1
1786341909560,2464,2490,2490,26,3.6283,1.223885,8,2,2,0,,0.0,1763,1941,0,13.4117,5.3862,1
1786341927004,2464,2500,2500,36,3.6515,1.2288,8,2,2,0,,0.0,1744,1941,0,13.4507,5.3803,1
1786341944414,2464,2510,2510,46,3.6177,1.233715,8,2,2,0,,0.0,1741,1772,0,13.4897,5.3744,1
1786341974694,2464,2520,2520,56,3.5986,1.23863,8,2,2,0,,0.0,3028,1772,0,13.5573,5.3799,1
1786341996878,2516,2530,2530,14,3.6123,1.243546,8,2,2,0,,0.0,2218,1772,0,13.6069,5.3782,1
1786342014435,2516,2540,2540,24,3.6299,1.248461,8,2,2,0,,0.0,1756,1772,0,13.6462,5.3725,1
1786342031801,2516,2550,2550,34,3.6306,1.253376,8,2,2,0,,0.0,1737,1763,0,13.685,5.3667,1
1786342049254,2516,2560,2560,44,3.616,1.258291,8,2,2,0,,0.0,1745,1763,0,13.724,5.3609,1
1786342077417,2516,2570,2570,54,3.617,1.263206,8,2,2,0,,0.0,2816,1763,0,13.787,5.3646,1
1786342099783,2569,2580,2580,11,3.5954,1.268122,8,2,2,0,,0.0,2237,1761,0,13.837,5.3632,1
1786342117389,2569,2590,2590,21,3.6495,1.273037,8,2,2,0,,0.0,1761,1756,0,13.8763,5.3577,1
1786342134804,2569,2600,2600,31,3.6211,1.277952,8,2,2,0,,0.0,1741,1751,0,13.9153,5.352,1
1786342152265,2569,2610,2610,41,3.6112,1.282867,8,2,2,0,,0.0,1746,1756,0,13.9543,5.3465,1
1786342169742,2569,2620,2620,51,3.5947,1.287782,8,2,2,0,,0.0,1748,1761,0,13.9934,5.341,1
1786342203491,2621,2630,2630,9,3.577,1.292698,8,2,2,0,,0.0,3375,1760,0,14.0688,5.3494,1
1786342221209,2621,2640,2640,19,3.5841,1.297613,8,2,2,0,,0.0,1772,1756,0,14.1084,5.3441,1
1786342238720,2621,2650,2650,29,3.625,1.302528,8,2,2,0,,0.0,1751,1751,0,14.1476,5.3387,1
1786342256170,2621,2660,2660,39,3.6057,1.307443,8,2,2,0,,0.0,1745,1756,0,14.1866,5.3333,1
1786342273588,2621,2670,2670,49,3.613,1.312358,8,2,2,0,,0.0,1742,1760,0,14.2255,5.3279,1
1786342303734,2673,2680,2680,7,3.5708,1.317274,8,2,2,0,,0.0,3015,1760,0,14.2929,5.3332,1
1786342324609,2673,2690,2690,17,3.585,1.322189,8,2,2,0,,0.0,2087,1756,0,14.3396,5.3307,1
1786342342085,2673,2700,2700,27,3.5742,1.327104,8,2,2,0,,0.0,1748,1751,0,14.3787,5.3254,1
1786342403891,2704,2710,2710,6,3.5732,1.332019,8,2,2,0,,0.0,6181,1760,0,14.5168,5.3568,1
1786342426193,2704,2720,2720,16,3.5764,1.336934,8,2,2,0,,0.0,2230,1761,0,14.5667,5.3554,1
1786342443633,2704,2730,2730,26,3.5952,1.34185,8,2,2,0,,0.0,1744,1760,0,14.6057,5.3501,1
1786342461074,2704,2740,2740,36,3.5919,1.346765,8,2,2,0,,0.0,1744,1751,0,14.6447,5.3448,1
1786342478516,2704,2750,2750,46,3.5576,1.35168,8,2,2,0,,0.0,1744,1750,0,14.6837,5.3395,1
1786342507533,2704,2760,2760,56,3.5629,1.356595,8,2,2,0,,0.0,2902,1750,0,14.7485,5.3437,1
1786342529835,2756,2770,2770,14,3.5546,1.36151,8,2,2,0,,0.0,2230,1751,0,14.7984,5.3424,1
1786342547437,2756,2780,2780,24,3.5581,1.366426,8,2,2,0,,0.0,1760,1760,0,14.8377,5.3373,1
1786342564848,2756,2790,2790,34,3.5771,1.371341,8,2,2,0,,0.0,1741,1751,0,14.8767,5.3321,1
1786342582346,2756,2800,2800,44,3.5918,1.376256,8,2,2,0,,0.0,1750,1750,0,14.9158,5.3271,1
1786342610767,2756,2810,2810,54,3.5513,1.381171,8,2,2,0,,0.0,2842,1750,0,14.9793,5.3307,1
1786342632649,2808,2820,2820,12,3.562,1.386086,8,2,2,0,,0.0,2188,1750,0,15.0282,5.3292,1
1786342650337,2808,2830,2830,22,3.5596,1.391002,8,2,2,0,,0.0,1769,1760,0,15.0678,5.3243,1
1786342667779,2808,2840,2840,32,3.5508,1.395917,8,2,2,0,,0.0,1744,1750,0,15.1068,5.3193,1
1786342685277,2808,2850,2850,42,3.5577,1.400832,8,2,2,0,,0.0,1750,1750,0,15.1459,5.3143,1
1786342703097,2808,2860,2860,52,3.5403,1.405747,8,2,2,0,,0.0,1782,1750,0,15.1857,5.3097,1
1786342736445,2860,2870,2870,10,3.5738,1.410662,8,2,2,0,,0.0,3335,1750,0,15.2603,5.3172,1
1786342753934,2860,2880,2880,20,3.5417,1.415578,8,2,2,0,,0.0,1749,1750,0,15.2994,5.3123,1
1786342771316,2860,2890,2890,30,3.5275,1.420493,8,2,2,0,,0.0,1738,1750,0,15.3382,5.3073,1
1786342788805,2860,2900,2900,40,3.5644,1.425408,8,2,2,0,,0.0,1749,1750,0,15.3773,5.3025,1
1786342806252,2860,2910,2910,50,3.5106,1.430323,8,2,2,0,,0.0,1745,1751,0,15.4163,5.2977,1
1786342838591,2913,2920,2920,7,3.5391,1.435238,8,2,2,0,,0.0,3234,1751,0,15.4886,5.3043,1
1786342857693,2913,2930,2930,17,3.5081,1.440154,8,2,2,0,,0.0,1910,1750,0,15.5313,5.3008,1
1786342875170,2913,2940,2940,27,3.5136,1.445069,8,2,2,0,,0.0,1748,1750,0,15.5704,5.2961,1
1786342892568,2913,2950,2950,37,3.5289,1.449984,8,2,2,0,,0.0,1740,1750,0,15.6093,5.2913,1
1786342910030,2913,2960,2960,47,3.5142,1.454899,8,2,2,0,,0.0,1746,1751,0,15.6483,5.2866,1
1786342939205,2913,2970,2970,57,3.5151,1.459814,8,2,2,0,,0.0,2918,1751,0,15.7136,5.2908,1
1786342961378,2965,2980,2980,15,3.529,1.46473,8,2,2,0,,0.0,2217,1750,0,15.7631,5.2896,1
1786342978807,2965,2990,2990,25,3.5502,1.469645,8,2,2,0,,0.0,1743,1749,0,15.8021,5.285,1
1786342996232,2965,3000,3000,35,3.5687,1.47456,8,2,2,0,,0.0,1743,1749,0,15.8411,5.2804,1
1786343065463,3000,3010,3010,10,3.5312,1.479475,8,2,2,0,,0.0,6923,1749,0,15.9958,5.3142,1
1786343083140,3000,3020,3020,20,3.5356,1.48439,8,2,2,0,,0.0,1768,1749,0,16.0353,5.3097,1
1786343100583,3000,3030,3030,30,3.5169,1.489306,8,2,2,0,,0.0,1744,1749,0,16.0743,5.3051,1
1786343118052,3000,3040,3040,40,3.494,1.494221,8,2,2,0,,0.0,1747,1749,0,16.1134,5.3005,1
1786343135558,3000,3050,3050,50,3.5075,1.499136,8,2,2,0,,0.0,1751,1749,0,16.1525,5.2959,1
1786343169397,3052,3060,3060,8,3.5008,1.504051,8,2,2,0,,0.0,3384,1751,0,16.2282,5.3033,1
1786343186947,3052,3070,3070,18,3.5044,1.508966,8,2,2,0,,0.0,1755,1751,0,16.2674,5.2988,1
1786343204406,3052,3080,3080,28,3.5307,1.513882,8,2,2,0,,0.0,1746,1751,0,16.3064,5.2943,1
1786343221817,3052,3090,3090,38,3.5423,1.518797,8,2,2,0,,0.0,1741,1751,0,16.3454,5.2898,1
1786343239322,3052,3100,3100,48,3.5553,1.523712,8,2,2,0,,0.0,1751,1751,0,16.3845,5.2853,1
1786343270940,3103,3110,3110,7,3.5112,1.528627,8,2,2,0,,0.0,3162,1751,0,16.4552,5.2911,1
1786343290602,3103,3120,3120,17,3.492,1.533542,8,2,2,0,,0.0,1966,1755,0,16.4991,5.2882,1
1786343308075,3103,3130,3130,27,3.482,1.538458,8,2,2,0,,0.0,1747,1755,0,16.5382,5.2838,1
1786343325501,3103,3140,3140,37,3.5383,1.543373,8,2,2,0,,0.0,1743,1751,0,16.5772,5.2793,1
1786343342935,3103,3150,3150,47,3.4981,1.548288,8,2,2,0,,0.0,1743,1751,0,16.6161,5.275,1
1786343413740,3103,3160,3160,57,3.5077,1.553203,2,2,2,1,3160,0.0,5735,1755,0,16.6967,5.2838,0
1786343488485,3166,3170,3170,4,3.5196,1.558118,2,8,2,1,3170,0.0,7474,1755,0,16.7518,5.2845,1
1786343695464,3166,3170,3170,4,3.4865,1.558118,8,8,8,0,,0.0,4060,1755,0,17.2145,5.4304,1
1786343712878,3166,3180,3180,14,3.5097,1.563034,8,8,8,0,,0.0,1741,1755,0,17.2534,5.4256,1
1786343730262,3166,3190,3190,24,3.5073,1.567949,8,8,8,0,,0.0,1738,1755,0,17.2923,5.4208,1
1786343761180,3166,3200,3200,34,3.5188,1.572864,8,8,8,0,,0.0,3092,1755,0,17.3614,5.4254,1
1786343783385,3196,3210,3210,14,3.4703,1.577779,8,8,8,0,,0.0,2220,1755,0,17.4111,5.424,1
1786343801623,3196,3220,3220,24,3.4925,1.582694,8,8,8,0,,0.0,1824,1758,0,17.4518,5.4198,1
1786343819075,3196,3230,3230,34,3.5049,1.58761,8,8,8,0,,0.0,1745,1758,0,17.4909,5.4151,1
1786343836506,3196,3240,3240,44,3.4663,1.592525,8,8,8,0,,0.0,1743,1758,0,17.5298,5.4104,1
1786343866359,3196,3250,3250,54,3.5096,1.59744,8,8,8,0,,0.0,2985,1758,0,17.5966,5.4143,1
1786343889811,3249,3260,3260,11,3.5006,1.602355,8,8,8,0,,0.0,2345,1758,0,17.649,5.4138,1
1786343907481,3249,3270,3270,21,3.4749,1.60727,8,8,8,0,,0.0,1767,1758,0,17.6885,5.4093,1
1786343924902,3249,3280,3280,31,3.5068,1.612186,8,8,8,0,,0.0,1742,1758,0,17.7274,5.4047,1
1786343942303,3249,3290,3290,41,3.4951,1.617101,8,8,8,0,,0.0,1740,1758,0,17.7663,5.4001,1
1786343959940,3249,3300,3300,51,3.4764,1.622016,8,8,8,0,,0.0,1764,1758,0,17.8058,5.3957,1
1786344026871,3300,3310,3310,10,3.478,1.626931,8,8,8,0,,0.0,6693,1758,0,17.9554,5.4246,1
1786344044728,3300,3320,3320,20,3.4749,1.631846,8,8,8,0,,0.0,1786,1758,0,17.9953,5.4203,1
1786344062164,3300,3330,3330,30,3.5028,1.636762,8,8,8,0,,0.0,1744,1750,0,18.0343,5.4157,1
1786344079660,3300,3340,3340,40,3.4644,1.641677,8,8,8,0,,0.0,1750,1750,0,18.0734,5.4112,1
1786344097165,3300,3350,3350,50,3.5127,1.646592,8,8,8,0,,0.0,1750,1750,0,18.1125,5.4067,1
1786344131332,3352,3360,3360,8,3.4817,1.651507,8,8,8,0,,0.0,3417,1750,0,18.1889,5.4134,1
1786344148907,3352,3370,3370,18,3.4792,1.656422,8,8,8,0,,0.0,1758,1750,0,18.2282,5.409,1
1786344166331,3352,3380,3380,28,3.4849,1.661338,8,8,8,0,,0.0,1742,1750,0,18.2672,5.4045,1
1786344183731,3352,3390,3390,38,3.4784,1.666253,8,8,8,0,,0.0,1740,1750,0,18.3061,5.4,1
1786344201141,3352,3400,3400,48,3.4652,1.671168,8,8,8,0,,0.0,1741,1750,0,18.345,5.3956,1
1786344231890,3404,3410,3410,6,3.462,1.676083,8,8,8,0,,0.0,3075,1750,0,18.4137,5.3999,1
1786344253333,3404,3420,3420,16,3.4834,1.680998,8,8,8,0,,0.0,2144,1750,0,18.4617,5.3981,1
1786344270695,3404,3430,3430,26,3.4528,1.685914,8,8,8,0,,0.0,1736,1750,0,18.5005,5.3937,1
1786344288111,3404,3440,3440,36,3.4737,1.690829,8,8,8,0,,0.0,1742,1750,0,18.5394,5.3894,1
1786344305535,3404,3450,3450,46,3.4677,1.695744,8,8,8,0,,0.0,1742,1750,0,18.5784,5.385,1
1786344334878,3404,3460,3460,56,3.4803,1.700659,8,8,8,0,,0.0,2934,1750,0,18.644,5.3884,1
1786344357053,3455,3470,3470,15,3.4738,1.705574,8,8,8,0,,0.0,2217,1750,0,18.6935,5.3872,1
1786344374442,3455,3480,3480,25,3.4788,1.71049,8,8,8,0,,0.0,1739,1750,0,18.7324,5.3829,1
1786344391877,3455,3490,3490,35,3.4786,1.715405,8,8,8,0,,0.0,1743,1750,0,18.7714,5.3786,1
1786344409324,3455,3500,3500,45,3.4458,1.72032,8,8,8,0,,0.0,1745,1750,0,18.8104,5.3744,1
1786344438769,3455,3510,3510,55,3.4689,1.725235,8,8,8,0,,0.0,2944,1751,0,18.8762,5.3778,1
1786344460791,3507,3520,3520,13,3.4647,1.73015,8,8,8,0,,0.0,2202,1751,0,18.9254,5.3765,1
1786344478351,3507,3530,3530,23,3.466,1.735066,8,8,8,0,,0.0,1756,1750,0,18.9647,5.3724,1
1786344495756,3507,3540,3540,33,3.4649,1.739981,8,8,8,0,,0.0,1741,1750,0,19.0036,5.3683,1
1786344513167,3507,3550,3550,43,3.4793,1.744896,8,8,8,0,,0.0,1741,1750,0,19.0425,5.3641,1
1786344541367,3507,3560,3560,53,3.4423,1.749811,8,8,8,0,,0.0,2820,1751,0,19.1056,5.3667,1
1786344564763,3559,3570,3570,11,3.444,1.754726,8,8,8,0,,0.0,2340,1751,0,19.1579,5.3664,1
1786344582357,3559,3580,3580,21,3.468,1.759642,8,8,8,0,,0.0,1759,1750,0,19.1972,5.3623,1
1786344599805,3559,3590,3590,31,3.4681,1.764557,8,8,8,0,,0.0,1745,1750,0,19.2362,5.3583,1
1786344617245,3559,3600,3600,41,3.4614,1.769472,8,8,8,0,,0.0,1744,1750,0,19.2752,5.3542,1
1786344683899,3600,3610,3610,10,3.4627,1.774387,8,8,8,0,,0.0,6665,1751,0,19.4242,5.3807,1
1786344701408,3600,3620,3620,20,3.4611,1.779302,8,8,8,0,,0.0,1751,1751,0,19.4634,5.3766,1
1786344718906,3600,3630,3630,30,3.4425,1.784218,8,8,8,0,,0.0,1750,1751,0,19.5025,5.3726,1
1786344736386,3600,3640,3640,40,3.432,1.789133,8,8,8,0,,0.0,1748,1751,0,19.5416,5.3686,1
1786344753895,3600,3650,3650,50,3.4404,1.794048,8,8,8,0,,0.0,1751,1751,0,19.5807,5.3646,1
1786344788741,3652,3660,3660,8,3.4613,1.798963,8,8,8,0,,0.0,3485,1751,0,19.6586,5.3712,1
1786344806268,3652,3670,3670,18,3.4309,1.803878,8,8,8,0,,0.0,1753,1751,0,19.6978,5.3672,1
1786344823673,3652,3680,3680,28,3.4427,1.808794,8,8,8,0,,0.0,1740,1751,0,19.7367,5.3632,1
1786344841067,3652,3690,3690,38,3.432,1.813709,8,8,8,0,,0.0,1739,1751,0,19.7756,5.3592,1
1786344858452,3652,3700,3700,48,3.4389,1.818624,8,8,8,0,,0.0,1738,1751,0,19.8144,5.3553,1
1786344887925,3652,3710,3710,58,3.4374,1.823539,8,8,8,0,,0.0,2947,1751,0,19.8803,5.3586,1
1786344910238,3704,3720,3720,16,3.455,1.828454,8,8,8,0,,0.0,2231,1751,0,19.9302,5.3576,1
1786344927638,3704,3730,3730,26,3.4218,1.83337,8,8,8,0,,0.0,1740,1751,0,19.9691,5.3536,1
1786344945056,3704,3740,3740,36,3.4211,1.838285,8,8,8,0,,0.0,1742,1750,0,20.008,5.3497,1
1786344962499,3704,3750,3750,46,3.461,1.8432,8,8,8,0,,0.0,1744,1750,0,20.047,5.3459,1
1786344991666,3704,3760,3760,56,3.4528,1.848115,8,8,8,0,,0.0,2917,1751,0,20.1122,5.349,1
1786345013892,3756,3770,3770,14,3.4253,1.85303,8,8,8,0,,0.0,2223,1751,0,20.1619,5.348,1
1786345031506,3756,3780,3780,24,3.4613,1.857946,8,8,8,0,,0.0,1761,1750,0,20.2013,5.3443,1
1786345048891,3756,3790,3790,34,3.436,1.862861,8,8,8,0,,0.0,1739,1749,0,20.2402,5.3404,1
1786345066299,3756,3800,3800,44,3.4341,1.867776,8,8,8,0,,0.0,1741,1751,0,20.2791,5.3366,1
1786345094623,3756,3810,3810,54,3.4612,1.872691,8,8,8,0,,0.0,2832,1752,0,20.3424,5.3392,1
1786345117946,3809,3820,3820,11,3.4342,1.877606,8,8,8,0,,0.0,2332,1752,0,20.3946,5.3389,1
1786345135610,3809,3830,3830,21,3.4416,1.882522,8,8,8,0,,0.0,1766,1749,0,20.434,5.3353,1
1786345153023,3809,3840,3840,31,3.4262,1.887437,8,8,8,0,,0.0,1741,1749,0,20.473,5.3315,1
1786345170463,3809,3850,3850,41,3.4286,1.892352,8,8,8,0,,0.0,1744,1752,0,20.512,5.3278,1
1786345187899,3809,3860,3860,51,3.3937,1.897267,8,8,8,0,,0.0,1744,1752,0,20.5509,5.3241,1
1786345221852,3861,3870,3870,9,3.4456,1.902182,8,8,8,0,,0.0,3395,1752,0,20.6268,5.3299,1
1786345239639,3861,3880,3880,19,3.45,1.907098,8,8,8,0,,0.0,1779,1752,0,20.6666,5.3264,1
1786345257057,3861,3890,3890,29,3.4258,1.912013,8,8,8,0,,0.0,1742,1752,0,20.7055,5.3228,1
1786345274549,3861,3900,3900,39,3.4353,1.916928,8,8,8,0,,0.0,1749,1752,0,20.7446,5.3191,1
1786345341329,3900,3910,3910,10,3.4258,1.921843,8,8,8,0,,0.0,6678,1752,0,20.8939,5.3437,1
1786345358897,3900,3920,3920,20,3.4341,1.926758,8,8,8,0,,0.0,1757,1752,0,20.9332,5.3401,1
1786345376389,3900,3930,3930,30,3.4313,1.931674,8,8,8,0,,0.0,1749,1752,0,20.9723,5.3365,1
1786345393827,3900,3940,3940,40,3.4421,1.936589,8,8,8,0,,0.0,1744,1752,0,21.0113,5.3328,1
1786345411352,3900,3950,3950,50,3.4007,1.941504,8,8,8,0,,0.0,1752,1752,0,21.0505,5.3292,1
1786345445851,3952,3960,3960,8,3.4191,1.946419,8,8,8,0,,0.0,3450,1752,0,21.1276,5.3353,1
1786345463511,3952,3970,3970,18,3.419,1.951334,8,8,8,0,,0.0,1766,1752,0,21.1671,5.3318,1
1786345480959,3952,3980,3980,28,3.3898,1.95625,8,8,8,0,,0.0,1745,1752,0,21.2061,5.3282,1
1786345498345,3952,3990,3990,38,3.4,1.961165,8,8,8,0,,0.0,1739,1752,0,21.245,5.3246,1
1786345515866,3952,4000,4000,48,3.4203,1.96608,8,8,8,0,,0.0,1752,1752,0,21.2841,5.321,1
1786345545229,3952,4010,4010,58,3.4056,1.970995,8,8,8,0,,0.0,2936,1752,0,21.3498,5.3241,1
1786345567390,4004,4020,4020,16,3.4169,1.97591,8,8,8,0,,0.0,2216,1752,0,21.3993,5.3232,1
1786345584777,4004,4030,4030,26,3.3998,1.980826,8,8,8,0,,0.0,1739,1752,0,21.4382,5.3196,1
1786345602239,4004,4040,4040,36,3.4311,1.985741,8,8,8,0,,0.0,1746,1752,0,21.4772,5.3161,1
1786345619653,4004,4050,4050,46,3.4192,1.990656,8,8,8,0,,0.0,1741,1752,0,21.5161,5.3126,1
1786345648307,4004,4060,4060,56,3.4225,1.995571,8,8,8,0,,0.0,2865,1752,0,21.5802,5.3153,1
1786345670508,4056,4070,4070,14,3.448,2.000486,8,8,8,0,,0.0,2220,1752,0,21.6298,5.3145,1
1786345688064,4056,4080,4080,24,3.4027,2.005402,8,8,8,0,,0.0,1756,1752,0,21.6691,5.311,1
1786345705442,4056,4090,4090,34,3.3964,2.010317,8,8,8,0,,0.0,1738,1752,0,21.7079,5.3076,1
1786345722870,4056,4100,4100,44,3.4088,2.015232,8,8,8,0,,0.0,1743,1752,0,21.7469,5.3041,1
1786345751158,4056,4110,4110,54,3.4266,2.020147,8,8,8,0,,0.0,2829,1753,0,21.8101,5.3066,1
1786345773759,4109,4120,4120,11,3.4254,2.025062,8,8,8,0,,0.0,2260,1753,0,21.8607,5.306,1
1786345791350,4109,4130,4130,21,3.3995,2.029978,8,8,8,0,,0.0,1759,1752,0,21.9,5.3027,1
1786345808769,4109,4140,4140,31,3.4039,2.034893,8,8,8,0,,0.0,1742,1752,0,21.9389,5.2993,1
1786345826192,4109,4150,4150,41,3.3971,2.039808,8,8,8,0,,0.0,1742,1752,0,21.9779,5.2959,1
1786345843593,4109,4160,4160,51,3.4326,2.044723,8,8,8,0,,0.0,1740,1753,0,22.0168,5.2925,1
1786345877372,4161,4170,4170,9,3.3734,2.049638,8,8,8,0,,0.0,3378,1753,0,22.0923,5.2979,1
1786345895087,4161,4180,4180,19,3.3847,2.054554,8,8,8,0,,0.0,1771,1753,0,22.1319,5.2947,1
1786345912493,4161,4190,4190,29,3.4042,2.059469,8,8,8,0,,0.0,1741,1753,0,22.1708,5.2914,1
1786345929908,4161,4200,4200,39,3.4087,2.064384,8,8,8,0,,0.0,1742,1756,0,22.2097,5.288,1
1786345996347,4200,4210,4210,10,3.4076,2.069299,8,8,8,0,,0.0,6644,1759,0,22.3583,5.3108,1
1786346014098,4200,4220,4220,20,3.4097,2.074214,8,8,8,0,,0.0,1775,1759,0,22.3979,5.3076,1
1786346031601,4200,4230,4230,30,3.4099,2.07913,8,8,8,0,,0.0,1750,1759,0,22.4371,5.3043,1
1786346049134,4200,4240,4240,40,3.3876,2.084045,8,8,8,0,,0.0,1753,1759,0,22.4763,5.301,1
1786346066593,4200,4250,4250,50,3.3659,2.08896,8,8,8,0,,0.0,1746,1759,0,22.5153,5.2977,1
1786346097101,4252,4260,4260,8,3.3732,2.093875,8,8,8,0,,0.0,3051,1759,0,22.5835,5.3013,1
1786346117763,4252,4270,4270,18,3.4041,2.09879,8,8,8,0,,0.0,2066,1759,0,22.6297,5.2997,1
1786346135199,4252,4280,4280,28,3.3798,2.103706,8,8,8,0,,0.0,1744,1759,0,22.6687,5.2964,1
1786346152636,4252,4290,4290,38,3.3933,2.108621,8,8,8,0,,0.0,1744,1753,0,22.7077,5.2932,1
1786346170062,4252,4300,4300,48,3.376,2.113536,8,8,8,0,,0.0,1743,1753,0,22.7466,5.2899,1
1786346198896,4252,4310,4310,58,3.385,2.118451,8,8,8,0,,0.0,2883,1753,0,22.8111,5.2926,1
1786346221228,4306,4320,4320,14,3.3947,2.123366,8,8,8,0,,0.0,2233,1762,0,22.861,5.2919,1
1786346238895,4306,4330,4330,24,3.3667,2.128282,8,8,8,0,,0.0,1767,1762,0,22.9005,5.2888,1
1786346256399,4306,4340,4340,34,3.4004,2.133197,8,8,8,0,,0.0,1750,1753,0,22.9396,5.2856,1
1786346274065,4306,4350,4350,44,3.3718,2.138112,8,8,8,0,,0.0,1767,1753,0,22.9791,5.2826,1
1786346302674,4306,4360,4360,54,3.3943,2.143027,8,8,8,0,,0.0,2861,1762,0,23.0431,5.2851,1
1786346325011,4358,4370,4370,12,3.3899,2.147942,8,8,8,0,,0.0,2234,1762,0,23.093,5.2844,1
1786346342631,4358,4380,4380,22,3.3735,2.152858,8,8,8,0,,0.0,1762,1762,0,23.1324,5.2814,1
1786346360136,4358,4390,4390,32,3.3717,2.157773,8,8,8,0,,0.0,1750,1762,0,23.1715,5.2783,1
1786346377565,4358,4400,4400,42,3.3788,2.162688,8,8,8,0,,0.0,1743,1762,0,23.2105,5.2751,1
1786346395068,4358,4410,4410,52,3.3968,2.167603,8,8,8,0,,0.0,1750,1767,0,23.2496,5.272,1
1786346429236,4410,4420,4420,10,3.3317,2.172518,8,8,8,0,,0.0,3417,1767,0,23.326,5.2774,1
1786346446901,4410,4430,4430,20,3.4003,2.177434,8,8,8,0,,0.0,1767,1762,0,23.3655,5.2744,1
1786346464361,4410,4440,4440,30,3.3915,2.182349,8,8,8,0,,0.0,1746,1762,0,23.4045,5.2713,1
1786346481826,4410,4450,4450,40,3.3486,2.187264,8,8,8,0,,0.0,1747,1762,0,23.4436,5.2682,1
1786346499285,4410,4460,4460,50,3.3547,2.192179,8,8,8,0,,0.0,1746,1767,0,23.4826,5.2652,1
1786346533375,4462,4470,4470,8,3.3709,2.197094,8,8,8,0,,0.0,3409,1767,0,23.5588,5.2704,1
1786346551082,4462,4480,4480,18,3.3813,2.20201,8,8,8,0,,0.0,1771,1762,0,23.5984,5.2675,1
1786346568576,4462,4490,4490,28,3.3357,2.206925,8,8,8,0,,0.0,1749,1751,0,23.6375,5.2645,1
1786346586012,4462,4500,4500,38,3.3585,2.21184,8,8,8,0,,0.0,1744,1751,0,23.6765,5.2614,1
1786346657679,4500,4510,4510,10,3.3779,2.216755,8,8,8,0,,0.0,7167,1751,0,23.8367,5.2853,1
1786346675351,4500,4520,4520,20,3.3996,2.22167,8,8,8,0,,0.0,1767,1751,0,23.8762,5.2823,1
1786346693033,4500,4530,4530,30,3.3923,2.226586,8,8,8,0,,0.0,1768,1751,0,23.9157,5.2794,1
1786346710500,4500,4540,4540,40,3.3948,2.231501,8,8,8,0,,0.0,1747,1751,0,23.9548,5.2764,1
1786346728003,4500,4550,4550,50,3.3529,2.236416,8,8,8,0,,0.0,1750,1767,0,23.9939,5.2734,1
1786346761924,4551,4560,4560,9,3.3477,2.241331,8,8,8,0,,0.0,3392,1767,0,24.0698,5.2785,1
1786346779652,4551,4570,4570,19,3.3793,2.246246,8,8,8,0,,0.0,1773,1768,0,24.1094,5.2756,1
1786346797113,4551,4580,4580,29,3.383,2.251162,8,8,8,0,,0.0,1746,1768,0,24.1484,5.2726,1
1786346814585,4551,4590,4590,39,3.3669,2.256077,8,8,8,0,,0.0,1747,1771,0,24.1875,5.2696,1
1786346832099,4551,4600,4600,49,3.3707,2.260992,8,8,8,0,,0.0,1751,1771,0,24.2266,5.2667,1
1786346863839,4603,4610,4610,7,3.3709,2.265907,8,8,8,0,,0.0,3174,1771,0,24.2976,5.2706,1
1786346883745,4603,4620,4620,17,3.331,2.270822,8,8,8,0,,0.0,1991,1773,0,24.3421,5.2689,1
1786346901127,4603,4630,4630,27,3.3542,2.275738,8,8,8,0,,0.0,1738,1773,0,24.381,5.2659,1
1786346918521,4603,4640,4640,37,3.3772,2.280653,8,8,8,0,,0.0,1739,1802,0,24.4198,5.2629,1
1786346935904,4603,4650,4650,47,3.3755,2.285568,8,8,8,0,,0.0,1738,1802,0,24.4587,5.2599,1
1786346965194,4603,4660,4660,57,3.3461,2.290483,8,8,8,0,,0.0,2929,1802,0,24.5242,5.2627,1
1786346995634,4655,4660,4660,5,3.3475,2.290483,7,9,8,1,4660,0.0,2128,1773,0,24.5851,5.2758,1
1786347015563,4655,4670,4670,15,3.3714,2.295398,7,9,8,1,4670,0.0,1993,1802,0,24.6296,5.274,1
1786347035436,4655,4680,4680,25,3.3593,2.300314,7,9,8,1,4680,0.0,1987,1987,0,24.6741,5.2722,1
1786347067943,4655,4690,4690,35,3.3613,2.305229,7,9,8,1,4690,0.0,3251,1987,0,24.7467,5.2765,1
1786347092608,4685,4700,4700,15,3.3576,2.310144,7,9,8,1,4700,0.0,2467,1991,0,24.8019,5.277,1
1786347112667,4685,4710,4710,25,3.3542,2.315059,7,9,8,1,4710,0.0,2006,1991,0,24.8467,5.2753,1
1786347132671,4685,4720,4720,35,3.3354,2.319974,7,9,8,1,4720,0.0,2000,1991,0,24.8914,5.2736,1
1786347208439,4685,4690,4720,5,3.3846,2.305229,8,9,9,0,,0.0,2278,1991,0,25.0608,5.3435,1
1786347225625,4685,4700,4720,15,3.3365,2.310144,8,9,9,0,,0.0,1719,1991,0,25.0992,5.3403,1
1786347242830,4685,4710,4720,25,3.3473,2.315059,8,9,9,0,,0.0,1720,1993,0,25.1377,5.3371,1
1786347273392,4685,4720,4720,35,3.4036,2.319974,8,9,9,0,,0.0,3056,1993,0,25.206,5.3403,1
1786347296013,4719,4730,4730,11,3.3467,2.32489,8,9,9,0,,0.0,2262,1993,0,25.2566,5.3397,1
1786347314031,4719,4740,4740,21,3.3545,2.329805,8,9,9,0,,0.0,1802,1993,0,25.2969,5.3369,1
1786347331623,4719,4750,4750,31,3.3309,2.33472,8,9,9,0,,0.0,1759,1993,0,25.3362,5.3339,1
1786347349074,4719,4760,4760,41,3.3353,2.339635,8,9,9,0,,0.0,1745,2000,0,25.3752,5.3309,1
1786347366524,4719,4770,4770,51,3.3977,2.34455,8,9,9,0,,0.0,1745,2000,0,25.4142,5.3279,1
1786347397947,4771,4780,4780,9,3.3629,2.349466,8,9,9,0,,0.0,3142,1993,0,25.4845,5.3315,1
1786347419036,4771,4790,4790,19,3.3486,2.354381,8,9,9,0,,0.0,2109,1987,0,25.5316,5.3302,1
1786347436537,4771,4800,4800,29,3.3397,2.359296,8,9,9,0,,0.0,1750,1802,0,25.5707,5.3272,1
1786347498476,4804,4810,4810,6,3.367,2.364211,8,9,9,0,,0.0,6194,1802,0,25.7092,5.3449,1
1786347520949,4804,4820,4820,16,3.3262,2.369126,8,9,9,0,,0.0,2247,1802,0,25.7594,5.3443,1
1786347538307,4804,4830,4830,26,3.3256,2.374042,8,9,9,0,,0.0,1736,1770,0,25.7982,5.3413,1
1786347555703,4804,4840,4840,36,3.3519,2.378957,8,9,9,0,,0.0,1740,1770,0,25.8371,5.3383,1
1786347573055,4804,4850,4850,46,3.3405,2.383872,8,9,9,0,,0.0,1735,1759,0,25.8759,5.3352,1
1786347601941,4804,4860,4860,56,3.3775,2.388787,8,9,9,0,,0.0,2889,1759,0,25.9405,5.3376,1
1786347624331,4856,4870,4870,14,3.3395,2.393702,8,9,9,0,,0.0,2239,1770,0,25.9906,5.3369,1
1786347641728,4856,4880,4880,24,3.3543,2.398618,8,9,9,0,,0.0,1740,1759,0,26.0295,5.3339,1
1786347659125,4856,4890,4890,34,3.3465,2.403533,8,9,9,0,,0.0,1740,1758,0,26.0683,5.3309,1
1786347676512,4856,4900,4900,44,3.3803,2.408448,8,9,9,0,,0.0,1739,1752,0,26.1072,5.328,1
1786347705831,4856,4910,4910,54,3.3223,2.413363,8,9,9,0,,0.0,2932,1750,0,26.1728,5.3305,1
1786347727647,4907,4920,4920,13,3.3556,2.418278,8,9,9,0,,0.0,2182,1752,0,26.2215,5.3296,1
1786347745348,4907,4930,4930,23,3.3135,2.423194,8,9,9,0,,0.0,1770,1758,0,26.2611,5.3268,1
1786347762678,4907,4940,4940,33,3.3567,2.428109,8,9,9,0,,0.0,1733,1752,0,26.2998,5.3239,1
1786347780262,4907,4950,4950,43,3.3545,2.433024,8,9,9,0,,0.0,1758,1750,0,26.3392,5.321,1
1786347808429,4907,4960,4960,53,3.345,2.437939,8,9,9,0,,0.0,2817,1752,0,26.4021,5.323,1
1786347831570,4959,4970,4970,11,3.3232,2.442854,8,9,9,0,,0.0,2314,1752,0,26.4539,5.3227,1
1786347849269,4959,4980,4980,21,3.3374,2.44777,8,9,9,0,,0.0,1770,1750,0,26.4934,5.32,1
1786347866676,4959,4990,4990,31,3.3439,2.452685,8,9,9,0,,0.0,1741,1750,0,26.5323,5.3171,1
1786347884077,4959,5000,5000,41,3.3566,2.4576,8,9,9,0,,0.0,1740,1750,0,26.5712,5.3142,1
1786347901574,4959,5010,5010,51,3.3912,2.462515,8,9,9,0,,0.0,1750,1752,0,26.6104,5.3114,1
1786347935383,5011,5020,5020,9,3.3374,2.46743,8,9,9,0,,0.0,3381,1752,0,26.6859,5.3159,1
1786347952899,5011,5030,5030,19,3.3607,2.472346,8,9,9,0,,0.0,1752,1750,0,26.7251,5.3131,1
1786347970300,5011,5040,5040,29,3.3555,2.477261,8,9,9,0,,0.0,1740,1750,0,26.764,5.3103,1
1786347987658,5011,5050,5050,39,3.3537,2.482176,8,9,9,0,,0.0,1736,1750,0,26.8028,5.3075,1
1786348005036,5011,5060,5060,49,3.3499,2.487091,8,9,9,0,,0.0,1738,1752,0,26.8416,5.3047,1
1786348033884,5064,5070,5070,6,3.376,2.492006,8,9,9,0,,0.0,2885,1752,0,26.9061,5.3069,1
1786348056261,5064,5080,5080,16,3.3388,2.496922,8,9,9,0,,0.0,2238,1750,0,26.9562,5.3063,1
1786348073580,5064,5090,5090,26,3.3421,2.501837,8,9,9,0,,0.0,1732,1746,0,26.9949,5.3035,1
1786348091016,5064,5100,5100,36,3.3397,2.506752,8,9,9,0,,0.0,1744,1746,0,27.0339,5.3008,1
1786348157661,5100,5110,5110,10,3.3607,2.511667,8,9,9,0,,0.0,6665,1746,0,27.1828,5.3195,1
1786348175207,5100,5120,5120,20,3.3428,2.516582,8,9,9,0,,0.0,1755,1746,0,27.2221,5.3168,1
1786348192666,5100,5130,5130,30,3.3237,2.521498,8,9,9,0,,0.0,1746,1745,0,27.2611,5.3141,1
1786348210089,5100,5140,5140,40,3.3196,2.526413,8,9,9,0,,0.0,1742,1744,0,27.3001,5.3113,1
1786348227497,5100,5150,5150,50,3.3574,2.531328,8,9,9,0,,0.0,1741,1745,0,27.339,5.3085,1
1786348261255,5152,5160,5160,8,3.3165,2.536243,8,9,9,0,,0.0,3376,1745,0,27.4144,5.3129,1
1786348278918,5152,5170,5170,18,3.3041,2.541158,8,9,9,0,,0.0,1766,1745,0,27.4539,5.3102,1
1786348296314,5152,5180,5180,28,3.3408,2.546074,8,9,9,0,,0.0,1740,1745,0,27.4928,5.3075,1
1786348313677,5152,5190,5190,38,3.3396,2.550989,8,9,9,0,,0.0,1736,1745,0,27.5316,5.3047,1
1786348331004,5152,5200,5200,48,3.3538,2.555904,8,9,9,0,,0.0,1733,1745,0,27.5704,5.302,1
1786348361589,5204,5210,5210,6,3.3193,2.560819,8,9,9,0,,0.0,3059,1745,0,27.6387,5.3049,1
1786348383153,5204,5220,5220,16,3.3189,2.565734,8,9,9,0,,0.0,2156,1746,0,27.6869,5.304,1
1786348400540,5204,5230,5230,26,3.3343,2.57065,8,9,9,0,,0.0,1739,1746,0,27.7258,5.3013,1
1786348417897,5204,5240,5240,36,3.3089,2.575565,8,9,9,0,,0.0,1736,1746,0,27.7646,5.2986,1
1786348435252,5204,5250,5250,46,3.3293,2.58048,8,9,9,0,,0.0,1736,1746,0,27.8034,5.2959,1
1786348464211,5204,5260,5260,56,3.3516,2.585395,8,9,9,0,,0.0,2896,1750,0,27.8682,5.2981,1
1786348485999,5256,5270,5270,14,3.3361,2.59031,8,9,9,0,,0.0,2179,1750,0,27.9169,5.2973,1
1786348503446,5256,5280,5280,24,3.3225,2.595226,8,9,9,0,,0.0,1745,1746,0,27.9559,5.2947,1
1786348520784,5256,5290,5290,34,3.3182,2.600141,8,9,9,0,,0.0,1734,1745,0,27.9946,5.292,1
1786348538235,5256,5300,5300,44,3.3367,2.605056,8,9,9,0,,0.0,1745,1745,0,28.0336,5.2894,1
1786348566470,5256,5310,5310,54,3.3306,2.609971,8,9,9,0,,0.0,2824,1750,0,28.0968,5.2913,1
1786348589114,5308,5320,5320,12,3.3543,2.614886,8,9,9,0,,0.0,2264,1750,0,28.1474,5.2909,1
1786348606756,5308,5330,5330,22,3.3577,2.619802,8,9,9,0,,0.0,1764,1745,0,28.1868,5.2883,1
1786348624175,5308,5340,5340,32,3.3192,2.624717,8,9,9,0,,0.0,1742,1748,0,28.2258,5.2857,1
1786348641513,5308,5350,5350,42,3.3602,2.629632,8,9,9,0,,0.0,1734,1748,0,28.2645,5.2831,1
1786348659076,5308,5360,5360,52,3.3505,2.634547,8,9,9,0,,0.0,1756,1750,0,28.3038,5.2806,1
1786348692240,5360,5370,5370,10,3.3257,2.639462,8,9,9,0,,0.0,3316,1750,0,28.3779,5.2845,1
1786348709741,5360,5380,5380,20,3.3331,2.644378,8,9,9,0,,0.0,1750,1748,0,28.4171,5.282,1
1786348727239,5360,5390,5390,30,3.3556,2.649293,8,9,9,0,,0.0,1750,1748,0,28.4562,5.2794,1
1786348744628,5360,5400,5400,40,3.3185,2.654208,8,9,9,0,,0.0,1739,1748,0,28.495,5.2769,1
1786348810759,5400,5410,5410,10,3.324,2.659123,8,9,9,0,,0.0,6613,1750,0,28.6429,5.2944,1
1786348828456,5400,5420,5420,20,3.3036,2.664038,8,9,9,0,,0.0,1770,1750,0,28.6824,5.292,1
1786348845886,5400,5430,5430,30,3.3017,2.668954,8,9,9,0,,0.0,1743,1748,0,28.7214,5.2894,1
1786348863309,5400,5440,5440,40,3.2991,2.673869,8,9,9,0,,0.0,1742,1748,0,28.7604,5.2868,1
1786348880697,5400,5450,5450,50,3.3277,2.678784,8,9,9,0,,0.0,1739,1748,0,28.7992,5.2843,1
1786348914008,5452,5460,5460,8,3.3047,2.683699,8,9,9,0,,0.0,3331,1750,0,28.8737,5.2882,1
1786348931621,5452,5470,5470,18,3.3366,2.688614,8,9,9,0,,0.0,1761,1750,0,28.9131,5.2858,1
1786348949002,5452,5480,5480,28,3.3294,2.69353,8,9,9,0,,0.0,1738,1749,0,28.9519,5.2832,1
1786348966485,5452,5490,5490,38,3.3468,2.698445,8,9,9,0,,0.0,1748,1748,0,28.991,5.2807,1
1786348983826,5452,5500,5500,48,3.3119,2.70336,8,9,9,0,,0.0,1734,1748,0,29.0298,5.2781,1
1786349012703,5452,5510,5510,58,3.321,2.708275,8,9,9,0,,0.0,2888,1749,0,29.0943,5.2803,1
1786349034814,5504,5520,5520,16,3.297,2.71319,8,9,9,0,,0.0,2211,1749,0,29.1438,5.2797,1
1786349052179,5504,5530,5530,26,3.3369,2.718106,8,9,9,0,,0.0,1736,1749,0,29.1826,5.2771,1
1786349069598,5504,5540,5540,36,3.3345,2.723021,8,9,9,0,,0.0,1742,1748,0,29.2215,5.2746,1
1786349086973,5504,5550,5550,46,3.3132,2.727936,8,9,9,0,,0.0,1737,1743,0,29.2604,5.2721,1
1786349115955,5504,5560,5560,56,3.3044,2.732851,8,9,9,0,,0.0,2898,1748,0,29.3252,5.2743,1
1786349138862,5556,5570,5570,14,3.3338,2.737766,8,9,9,0,,0.0,2291,1748,0,29.3764,5.274,1
1786349156225,5556,5580,5580,24,3.3093,2.742682,8,9,9,0,,0.0,1736,1743,0,29.4152,5.2715,1
1786349173578,5556,5590,5590,34,3.2814,2.747597,8,9,9,0,,0.0,1735,1748,0,29.454,5.269,1
1786349190952,5556,5600,5600,44,3.3157,2.752512,8,9,9,0,,0.0,1737,1748,0,29.4928,5.2666,1
1786349219600,5556,5610,5610,54,3.3207,2.757427,8,9,9,0,,0.0,2865,1749,0,29.5569,5.2686,1
1786349241315,5607,5620,5620,13,3.2882,2.762342,8,9,9,0,,0.0,2171,1749,0,29.6054,5.2679,1
1786349258804,5607,5630,5630,23,3.2873,2.767258,8,9,9,0,,0.0,1749,1748,0,29.6445,5.2655,1
1786349276159,5607,5640,5640,33,3.3273,2.772173,8,9,9,0,,0.0,1735,1748,0,29.6833,5.263,1
1786349293563,5607,5650,5650,43,3.3239,2.777088,8,9,9,0,,0.0,1740,1743,0,29.7222,5.2606,1
1786349321773,5607,5660,5660,53,3.313,2.782003,8,9,9,0,,0.0,2821,1749,0,29.7853,5.2624,1
1786349344577,5659,5670,5670,11,3.332,2.786918,8,9,9,0,,0.0,2280,1749,0,29.8363,5.2621,1
1786349362113,5659,5680,5680,21,3.3193,2.791834,8,9,9,0,,0.0,1754,1748,0,29.8755,5.2598,1
1786349379541,5659,5690,5690,31,3.2843,2.796749,8,9,9,0,,0.0,1743,1748,0,29.9144,5.2574,1
1786349396921,5659,5700,5700,41,3.2457,2.801664,8,9,9,0,,0.0,1738,1748,0,29.9533,5.255,1
1786349463376,5700,5710,5710,10,3.2893,2.806579,8,9,9,0,,0.0,6646,1749,0,30.1018,5.2718,1
1786349480982,5700,5720,5720,20,3.3376,2.811494,8,9,9,0,,0.0,1761,1749,0,30.1412,5.2694,1
1786349498410,5700,5730,5730,30,3.3281,2.81641,8,9,9,0,,0.0,1743,1749,0,30.1802,5.267,1
1786349515919,5700,5740,5740,40,3.3219,2.821325,8,9,9,0,,0.0,1751,1749,0,30.2193,5.2647,1
1786349533341,5700,5750,5750,50,3.2882,2.82624,8,9,9,0,,0.0,1742,1749,0,30.2583,5.2623,1
1786349567050,5752,5760,5760,8,3.3421,2.831155,8,9,9,0,,0.0,3371,1751,0,30.3336,5.2663,1
1786349584594,5752,5770,5770,18,3.2937,2.83607,8,9,9,0,,0.0,1754,1751,0,30.3728,5.2639,1
1786349602012,5752,5780,5780,28,3.2938,2.840986,8,9,9,0,,0.0,1742,1749,0,30.4118,5.2616,1
1786349619377,5752,5790,5790,38,3.2939,2.845901,8,9,9,0,,0.0,1737,1748,0,30.4506,5.2592,1
1786349636775,5752,5800,5800,48,3.2986,2.850816,8,9,9,0,,0.0,1740,1748,0,30.4895,5.2568,1
1786349665477,5752,5810,5810,58,3.3307,2.855731,8,9,9,0,,0.0,2870,1748,0,30.5537,5.2588,1
1786349687856,5804,5820,5820,16,3.3189,2.860646,8,9,9,0,,0.0,2238,1748,0,30.6037,5.2584,1
1786349705335,5804,5830,5830,26,3.3069,2.865562,8,9,9,0,,0.0,1748,1746,0,30.6428,5.256,1
1786349722742,5804,5840,5840,36,3.3152,2.870477,8,9,9,0,,0.0,1741,1745,0,30.6817,5.2537,1
1786349740102,5804,5850,5850,46,3.2878,2.875392,8,9,9,0,,0.0,1736,1745,0,30.7205,5.2514,1
1786349768910,5804,5860,5860,56,3.3051,2.880307,8,9,9,0,,0.0,2881,1746,0,30.7849,5.2534,1
1786349791113,5858,5870,5870,12,3.3257,2.885222,8,9,9,0,,0.0,2220,1746,0,30.8345,5.2529,1
1786349808819,5858,5880,5880,22,3.3086,2.890138,8,9,9,0,,0.0,1771,1745,0,30.8741,5.2507,1
1786349826197,5858,5890,5890,32,3.3351,2.895053,8,9,9,0,,0.0,1738,1745,0,30.913,5.2484,1
1786349843608,5858,5900,5900,42,3.3158,2.899968,8,9,9,0,,0.0,1741,1745,0,30.9519,5.2461,1
1786349861173,5858,5910,5910,52,3.317,2.904883,8,9,9,0,,0.0,1756,1746,0,30.9911,5.2438,1
1786349894331,5910,5920,5920,10,3.2968,2.909798,8,9,9,0,,0.0,3316,1746,0,31.0653,5.2475,1
1786349911790,5910,5930,5930,20,3.2579,2.914714,8,9,9,0,,0.0,1746,1745,0,31.1043,5.2452,1
1786349929208,5910,5940,5940,30,3.3084,2.919629,8,9,9,0,,0.0,1742,1745,0,31.1432,5.243,1
1786349946570,5910,5950,5950,40,3.3056,2.924544,8,9,9,0,,0.0,1736,1746,0,31.1821,5.2407,1
1786349963960,5910,5960,5960,50,3.299,2.929459,8,9,9,0,,0.0,1739,1746,0,31.2209,5.2384,1
1786349997680,5962,5970,5970,8,3.2745,2.934374,8,9,9,0,,0.0,3372,1746,0,31.2963,5.2423,1
1786350015135,5962,5980,5980,18,3.3303,2.93929,8,9,9,0,,0.0,1745,1746,0,31.3353,5.24,1
1786350032541,5962,5990,5990,28,3.3126,2.944205,8,9,9,0,,0.0,1741,1745,0,31.3742,5.2378,1
1786350049949,5962,6000,6000,38,3.3128,2.94912,8,9,9,0,,0.0,1741,1745,0,31.4132,5.2355,1
1786350128501,6000,6010,6010,10,3.3207,2.954035,8,9,9,0,,0.0,7855,1746,0,31.5888,5.256,1
1786350146121,6000,6020,6020,20,3.2956,2.95895,8,9,9,0,,0.0,1762,1746,0,31.6282,5.2538,1
1786350163551,6000,6030,6030,30,3.2749,2.963866,8,9,9,0,,0.0,1743,1745,0,31.6671,5.2516,1
1786350180987,6000,6040,6040,40,3.2893,2.968781,8,9,9,0,,0.0,1744,1744,0,31.7061,5.2494,1
1786350198449,6000,6050,6050,50,3.2796,2.973696,8,9,9,0,,0.0,1746,1744,0,31.7451,5.2471,1
1786350231898,6051,6060,6060,9,3.2927,2.978611,8,9,9,0,,0.0,3345,1745,0,31.8199,5.2508,1
1786350249703,6051,6070,6070,19,3.3102,2.983526,8,9,9,0,,0.0,1781,1745,0,31.8597,5.2487,1
1786350267115,6051,6080,6080,29,3.2857,2.988442,8,9,9,0,,0.0,1741,1745,0,31.8987,5.2465,1
1786350284494,6051,6090,6090,39,3.318,2.993357,8,9,9,0,,0.0,1738,1745,0,31.9375,5.2443,1
1786350302040,6051,6100,6100,49,3.2745,2.998272,8,9,9,0,,0.0,1755,1746,0,31.9767,5.2421,1
1786350334087,6103,6110,6110,7,3.2822,3.003187,8,9,9,0,,0.0,3205,1755,0,32.0484,5.2452,1
1786350353164,6103,6120,6120,17,3.3052,3.008102,8,9,9,0,,0.0,1908,1762,0,32.091,5.2436,1
1786350370504,6103,6130,6130,27,3.2628,3.013018,8,9,9,0,,0.0,1734,1762,0,32.1298,5.2414,1
1786350387899,6103,6140,6140,37,3.2877,3.017933,8,9,9,0,,0.0,1739,1781,0,32.1687,5.2392,1
1786350405288,6103,6150,6150,47,3.3101,3.022848,8,9,9,0,,0.0,1739,1908,0,32.2075,5.237,1
1786350434095,6103,6160,6160,57,3.2648,3.027763,8,9,9,0,,0.0,2881,1908,0,32.2719,5.239,1
1786350456481,6155,6170,6170,15,3.2813,3.032678,8,9,9,0,,0.0,2239,1781,0,32.322,5.2386,1
1786350473819,6155,6180,6180,25,3.3395,3.037594,8,9,9,0,,0.0,1734,1781,0,32.3607,5.2364,1
1786350491228,6155,6190,6190,35,3.2759,3.042509,8,9,9,0,,0.0,1741,1908,0,32.3997,5.2342,1
1786350508600,6155,6200,6200,45,3.2956,3.047424,8,9,9,0,,0.0,1737,1908,0,32.4385,5.232,1
1786350537750,6155,6210,6210,55,3.2926,3.052339,8,9,9,0,,0.0,2915,1908,0,32.5037,5.2341,1
1786350559862,6207,6220,6220,13,3.2934,3.057254,8,9,9,0,,0.0,2211,1908,0,32.5531,5.2336,1
1786350591795,6207,6210,6220,3,3.2788,3.052339,7,9,9,1,6220,0.0,2278,1908,0,32.6173,5.2524,1
1786350611624,6207,6220,6220,13,3.2397,3.057254,7,10,9,1,6220,0.0,1983,1908,0,32.6616,5.2511,1
1786350631407,6207,6230,6230,23,3.2939,3.06217,7,10,9,1,6230,0.0,1978,1908,0,32.7058,5.2497,1
1786350665046,6207,6240,6240,33,3.2469,3.067085,7,10,9,1,6240,0.0,3364,1908,0,32.781,5.2534,1
1786350689916,6237,6250,6250,13,3.3008,3.072,7,10,9,1,6250,0.0,2487,1908,0,32.8366,5.2539,1
1786350709938,6237,6260,6260,23,3.2744,3.076915,7,10,9,1,6260,0.0,2002,1978,0,32.8813,5.2526,1
1786350729992,6237,6270,6270,33,3.2775,3.08183,7,10,9,1,6270,0.0,2005,1978,0,32.9262,5.2514,1
1786350806136,6237,6240,6270,3,3.2769,3.067085,8,10,10,0,,0.0,3278,1978,0,33.0964,5.3039,1
1786350823372,6237,6250,6270,13,3.2666,3.072,8,10,10,0,,0.0,1724,1978,0,33.1349,5.3016,1
1786350840580,6237,6260,6270,23,3.2868,3.076915,8,10,10,0,,0.0,1721,1978,0,33.1734,5.2993,1
1786350857968,6237,6270,6270,33,3.2941,3.08183,8,10,10,0,,0.0,1739,1978,0,33.2123,5.297,1
1786350893818,6270,6280,6280,10,3.2878,3.086746,8,10,10,0,,0.0,3585,1978,0,33.2924,5.3013,1
1786350911748,6270,6290,6290,20,3.3026,3.091661,8,10,10,0,,0.0,1793,1978,0,33.3325,5.2993,1
1786350929173,6270,6300,6300,30,3.2495,3.096576,8,10,10,0,,0.0,1742,1978,0,33.3715,5.2971,1
1786350996954,6300,6310,6310,10,3.2888,3.101491,8,10,10,0,,0.0,6778,1978,0,33.523,5.3127,1
1786351014746,6300,6320,6320,20,3.2859,3.106406,8,10,10,0,,0.0,1779,1978,0,33.5628,5.3106,1
1786351032139,6300,6330,6330,30,3.2744,3.111322,8,10,10,0,,0.0,1739,1793,0,33.6016,5.3083,1
1786351049544,6300,6340,6340,40,3.2946,3.116237,8,10,10,0,,0.0,1740,1779,0,33.6406,5.3061,1
1786351066837,6300,6350,6350,50,3.2973,3.121152,8,10,10,0,,0.0,1729,1770,0,33.6792,5.3038,1
1786351096308,6300,6360,6360,60,3.3057,3.126067,8,10,10,0,,0.0,2947,1770,0,33.7451,5.3058,1
1786351118411,6354,6370,6370,16,3.2979,3.130982,8,10,10,0,,0.0,2210,1770,0,33.7945,5.3053,1
1786351135786,6354,6380,6380,26,3.2895,3.135898,8,10,10,0,,0.0,1737,1760,0,33.8333,5.303,1
1786351153164,6354,6390,6390,36,3.3044,3.140813,8,10,10,0,,0.0,1738,1760,0,33.8722,5.3008,1
1786351170533,6354,6400,6400,46,3.2562,3.145728,8,10,10,0,,0.0,1737,1760,0,33.911,5.2986,1
1786351200509,6354,6410,6410,56,3.2598,3.150643,8,10,10,0,,0.0,2998,1760,0,33.978,5.3008,1
1786351222434,6406,6420,6420,14,3.2863,3.155558,8,10,10,0,,0.0,2193,1760,0,34.0271,5.3002,1
1786351239888,6406,6430,6430,24,3.2821,3.160474,8,10,10,0,,0.0,1745,1760,0,34.0661,5.298,1
1786351257274,6406,6440,6440,34,3.2773,3.165389,8,10,10,0,,0.0,1739,1760,0,34.1049,5.2958,1
1786351274871,6406,6450,6450,44,3.2534,3.170304,8,10,10,0,,0.0,1760,1755,0,34.1443,5.2937,1
1786351303576,6406,6460,6460,54,3.2803,3.175219,8,10,10,0,,0.0,2871,1760,0,34.2085,5.2954,1
1786351326075,6458,6470,6470,12,3.2972,3.180134,8,10,10,0,,0.0,2250,1757,0,34.2588,5.295,1
1786351343778,6458,6480,6480,22,3.2798,3.18505,8,10,10,0,,0.0,1770,1755,0,34.2983,5.293,1
1786351361373,6458,6490,6490,32,3.2799,3.189965,8,10,10,0,,0.0,1760,1755,0,34.3377,5.2909,1
1786351378717,6458,6500,6500,42,3.2709,3.19488,8,10,10,0,,0.0,1734,1755,0,34.3764,5.2887,1
1786351396486,6458,6510,6510,52,3.2606,3.199795,8,10,10,0,,0.0,1777,1757,0,34.4162,5.2867,1
1786351430407,6510,6520,6520,10,3.2736,3.20471,8,10,10,0,,0.0,3392,1755,0,34.492,5.2902,1
1786351447961,6510,6530,6530,20,3.2757,3.209626,8,10,10,0,,0.0,1755,1753,0,34.5312,5.2881,1
1786351465291,6510,6540,6540,30,3.2801,3.214541,8,10,10,0,,0.0,1733,1753,0,34.57,5.2859,1
1786351482892,6510,6550,6550,40,3.2734,3.219456,8,10,10,0,,0.0,1760,1753,0,34.6093,5.2839,1
1786351500257,6510,6560,6560,50,3.2793,3.224371,8,10,10,0,,0.0,1736,1755,0,34.6481,5.2817,1
1786351534200,6562,6570,6570,8,3.3024,3.229286,8,10,10,0,,0.0,3394,1755,0,34.724,5.2852,1
1786351551735,6562,6580,6580,18,3.3012,3.234202,8,10,10,0,,0.0,1753,1753,0,34.7632,5.2832,1
1786351569136,6562,6590,6590,28,3.2545,3.239117,8,10,10,0,,0.0,1740,1753,0,34.8021,5.2811,1
1786351586544,6562,6600,6600,38,3.2849,3.244032,8,10,10,0,,0.0,1741,1753,0,34.841,5.2789,1
1786351653140,6600,6610,6610,10,3.2559,3.248947,8,10,10,0,,0.0,6660,1753,0,34.9899,5.2935,1
1786351670706,6600,6620,6620,20,3.301,3.253862,8,10,10,0,,0.0,1757,1753,0,35.0292,5.2914,1
1786351688094,6600,6630,6630,30,3.2655,3.258778,8,10,10,0,,0.0,1739,1751,0,35.0681,5.2893,1
1786351705604,6600,6640,6640,40,3.2669,3.263693,8,10,10,0,,0.0,1751,1750,0,35.1072,5.2872,1
1786351723072,6600,6650,6650,50,3.2888,3.268608,8,10,10,0,,0.0,1747,1747,0,35.1463,5.2852,1
1786351757254,6652,6660,6660,8,3.2637,3.273523,8,10,10,0,,0.0,3418,1750,0,35.2227,5.2887,1
1786351774750,6652,6670,6670,18,3.2901,3.278438,8,10,10,0,,0.0,1750,1750,0,35.2618,5.2866,1
1786351792100,6652,6680,6680,28,3.2751,3.283354,8,10,10,0,,0.0,1735,1750,0,35.3006,5.2845,1
1786351809520,6652,6690,6690,38,3.2666,3.288269,8,10,10,0,,0.0,1742,1747,0,35.3395,5.2824,1
1786351826959,6652,6700,6700,48,3.2658,3.293184,8,10,10,0,,0.0,1744,1750,0,35.3785,5.2804,1
1786351856494,6704,6710,6710,6,3.2925,3.298099,8,10,10,0,,0.0,2954,1750,0,35.4445,5.2823,1
1786351878562,6704,6720,6720,16,3.2856,3.303014,8,10,10,0,,0.0,2207,1751,0,35.4939,5.2818,1
1786351895977,6704,6730,6730,26,3.2868,3.30793,8,10,10,0,,0.0,1741,1751,0,35.5328,5.2798,1
1786351913353,6704,6740,6740,36,3.2956,3.312845,8,10,10,0,,0.0,1738,1750,0,35.5716,5.2777,1
1786351930703,6704,6750,6750,46,3.2801,3.31776,8,10,10,0,,0.0,1735,1750,0,35.6104,5.2756,1
1786351959741,6704,6760,6760,56,3.271,3.322675,8,10,10,0,,0.0,2904,1751,0,35.6753,5.2774,1
1786351981564,6756,6770,6770,14,3.2916,3.32759,8,10,10,0,,0.0,2182,1751,0,35.7241,5.2768,1
1786351999018,6756,6780,6780,24,3.2795,3.332506,8,10,10,0,,0.0,1745,1750,0,35.7632,5.2748,1
1786352016423,6756,6790,6790,34,3.2708,3.337421,8,10,10,0,,0.0,1741,1750,0,35.8021,5.2728,1
1786352033796,6756,6800,6800,44,3.2556,3.342336,8,10,10,0,,0.0,1737,1748,0,35.8409,5.2707,1
1786352062415,6756,6810,6810,54,3.2919,3.347251,8,10,10,0,,0.0,2862,1750,0,35.9049,5.2724,1
1786352085064,6808,6820,6820,12,3.2824,3.352166,8,10,10,0,,0.0,2265,1750,0,35.9555,5.2721,1
1786352102688,6808,6830,6830,22,3.2575,3.357082,8,10,10,0,,0.0,1762,1748,0,35.9949,5.2701,1
1786352120058,6808,6840,6840,32,3.2539,3.361997,8,10,10,0,,0.0,1737,1748,0,36.0337,5.2681,1
1786352137680,6808,6850,6850,42,3.2422,3.366912,8,10,10,0,,0.0,1762,1748,0,36.0731,5.2662,1
1786352155343,6808,6860,6860,52,3.2668,3.371827,8,10,10,0,,0.0,1766,1762,0,36.1126,5.2642,1
1786352189212,6860,6870,6870,10,3.2835,3.376742,8,10,10,0,,0.0,3387,1762,0,36.1883,5.2676,1
1786352206863,6860,6880,6880,20,3.2995,3.381658,8,10,10,0,,0.0,1765,1748,0,36.2278,5.2657,1
1786352224292,6860,6890,6890,30,3.2384,3.386573,8,10,10,0,,0.0,1743,1748,0,36.2668,5.2637,1
1786352241712,6860,6900,6900,40,3.255,3.391488,8,10,10,0,,0.0,1742,1748,0,36.3057,5.2617,1
1786352308346,6900,6910,6910,10,3.2419,3.396403,8,10,10,0,,0.0,6663,1762,0,36.4547,5.2756,1
1786352326141,6900,6920,6920,20,3.2512,3.401318,8,10,10,0,,0.0,1779,1762,0,36.4945,5.2738,1
1786352343617,6900,6930,6930,30,3.2987,3.406234,8,10,10,0,,0.0,1748,1748,0,36.5335,5.2718,1
1786352361095,6900,6940,6940,40,3.2672,3.411149,8,10,10,0,,0.0,1748,1748,0,36.5726,5.2698,1
1786352378518,6900,6950,6950,50,3.2582,3.416064,8,10,10,0,,0.0,1742,1748,0,36.6115,5.2678,1
1786352412770,6951,6960,6960,9,3.2713,3.420979,8,10,10,0,,0.0,3425,1762,0,36.6881,5.2713,1
1786352430471,6951,6970,6970,19,3.294,3.425894,8,10,10,0,,0.0,1770,1762,0,36.7277,5.2694,1
1786352447943,6951,6980,6980,29,3.2579,3.43081,8,10,10,0,,0.0,1747,1762,0,36.7667,5.2674,1
1786352465351,6951,6990,6990,39,3.2621,3.435725,8,10,10,0,,0.0,1741,1748,0,36.8057,5.2655,1
1786352482776,6951,7000,7000,49,3.2289,3.44064,8,10,10,0,,0.0,1743,1748,0,36.8446,5.2635,1
1786352514241,7003,7010,7010,7,3.2927,3.445555,8,10,10,0,,0.0,3146,1748,0,36.915,5.266,1
1786352534117,7003,7020,7020,17,3.2252,3.45047,8,10,10,0,,0.0,1988,1748,0,36.9594,5.2649,1
1786352551466,7003,7030,7030,27,3.2943,3.455386,8,10,10,0,,0.0,1735,1748,0,36.9982,5.2629,1
1786352568857,7003,7040,7040,37,3.2597,3.460301,8,10,10,0,,0.0,1739,1748,0,37.0371,5.2609,1
1786352586217,7003,7050,7050,47,3.2684,3.465216,8,10,10,0,,0.0,1736,1748,0,37.0759,5.259,1
1786352615395,7003,7060,7060,57,3.2502,3.470131,8,10,10,0,,0.0,2918,1748,0,37.1411,5.2608,1
1786352637534,7055,7070,7070,15,3.2595,3.475046,8,10,10,0,,0.0,2214,1748,0,37.1906,5.2603,1
1786352654944,7055,7080,7080,25,3.2436,3.479962,8,10,10,0,,0.0,1741,1748,0,37.2295,5.2584,1
1786352672288,7055,7090,7090,35,3.2676,3.484877,8,10,10,0,,0.0,1734,1747,0,37.2683,5.2565,1
1786352689627,7055,7100,7100,45,3.2677,3.489792,8,10,10,0,,0.0,1734,1746,0,37.307,5.2545,1
1786352718938,7055,7110,7110,55,3.2867,3.494707,8,10,10,0,,0.0,2931,1747,0,37.3726,5.2563,1
1786352741214,7107,7120,7120,13,3.28,3.499622,8,10,10,0,,0.0,2228,1747,0,37.4224,5.256,1
1786352758848,7107,7130,7130,23,3.2604,3.504538,8,10,10,0,,0.0,1763,1746,0,37.4618,5.2541,1
1786352776235,7107,7140,7140,33,3.2451,3.509453,8,10,10,0,,0.0,1739,1746,0,37.5007,5.2522,1
1786352793657,7107,7150,7150,43,3.2335,3.514368,8,10,10,0,,0.0,1742,1746,0,37.5396,5.2503,1
1786352822172,7107,7160,7160,53,3.2404,3.519283,8,10,10,0,,0.0,2852,1746,0,37.6034,5.2519,1
1786352846909,7159,7170,7170,11,3.2442,3.524198,8,10,10,0,,0.0,2474,1746,0,37.6587,5.2523,1
1786352864598,7159,7180,7180,21,3.2465,3.529114,8,10,10,0,,0.0,1769,1746,0,37.6982,5.2504,1
1786352881917,7159,7190,7190,31,3.2361,3.534029,8,10,10,0,,0.0,1732,1746,0,37.7369,5.2485,1
1786352899289,7159,7200,7200,41,3.2547,3.538944,8,10,10,0,,0.0,1737,1746,0,37.7758,5.2466,1
1786352967097,7200,7210,7210,10,3.24,3.543859,8,10,10,0,,0.0,6781,1746,0,37.9273,5.2604,1
1786352984818,7200,7220,7220,20,3.2651,3.548774,8,10,10,0,,0.0,1772,1746,0,37.967,5.2586,1
1786353002280,7200,7230,7230,30,3.2683,3.55369,8,10,10,0,,0.0,1746,1746,0,38.006,5.2567,1
1786353019740,7200,7240,7240,40,3.2442,3.558605,8,10,10,0,,0.0,1746,1746,0,38.045,5.2548,1
1786353037140,7200,7250,7250,50,3.263,3.56352,8,10,10,0,,0.0,1740,1746,0,38.0839,5.253,1
1786353071027,7252,7260,7260,8,3.2598,3.568435,8,10,10,0,,0.0,3389,1747,0,38.1597,5.2562,1
1786353088648,7252,7270,7270,18,3.2309,3.57335,8,10,10,0,,0.0,1762,1747,0,38.1991,5.2543,1
1786353106046,7252,7280,7280,28,3.2464,3.578266,8,10,10,0,,0.0,1740,1747,0,38.238,5.2525,1
1786353123481,7252,7290,7290,38,3.2187,3.583181,8,10,10,0,,0.0,1744,1746,0,38.277,5.2506,1
1786353140836,7252,7300,7300,48,3.253,3.588096,8,10,10,0,,0.0,1736,1746,0,38.3158,5.2487,1
1786353169660,7252,7310,7310,58,3.2481,3.593011,8,10,10,0,,0.0,2882,1747,0,38.3802,5.2504,1
1786353191673,7305,7320,7320,15,3.2311,3.597926,8,10,10,0,,0.0,2201,1747,0,38.4294,5.2499,1
1786353209068,7305,7330,7330,25,3.2222,3.602842,8,10,10,0,,0.0,1740,1747,0,38.4683,5.2481,1
1786353226469,7305,7340,7340,35,3.2613,3.607757,8,10,10,0,,0.0,1740,1746,0,38.5072,5.2462,1
1786353243877,7305,7350,7350,45,3.2622,3.612672,8,10,10,0,,0.0,1741,1746,0,38.5461,5.2444,1
1786353272467,7305,7360,7360,55,3.2517,3.617587,8,10,10,0,,0.0,2859,1747,0,38.61,5.2459,1
1786353295156,7358,7370,7370,12,3.2698,3.622502,8,10,10,0,,0.0,2269,1747,0,38.6607,5.2457,1
1786353312662,7358,7380,7380,22,3.2348,3.627418,8,10,10,0,,0.0,1751,1746,0,38.6999,5.2439,1
1786353330068,7358,7390,7390,32,3.2459,3.632333,8,10,10,0,,0.0,1741,1746,0,38.7388,5.2421,1
1786353347492,7358,7400,7400,42,3.2692,3.637248,8,10,10,0,,0.0,1742,1745,0,38.7777,5.2402,1
1786353364959,7358,7410,7410,52,3.2504,3.642163,8,10,10,0,,0.0,1747,1747,0,38.8168,5.2384,1
1786353398323,7410,7420,7420,10,3.2556,3.647078,8,10,10,0,,0.0,3336,1747,0,38.8914,5.2414,1
1786353416041,7410,7430,7430,20,3.2349,3.651994,8,10,10,0,,0.0,1772,1745,0,38.931,5.2397,1
1786353433441,7410,7440,7440,30,3.2493,3.656909,8,10,10,0,,0.0,1740,1745,0,38.9699,5.2379,1
1786353450806,7410,7450,7450,40,3.2578,3.661824,8,10,10,0,,0.0,1736,1747,0,39.0087,5.2361,1
1786353468374,7410,7460,7460,50,3.2298,3.666739,8,10,10,0,,0.0,1757,1748,0,39.048,5.2343,1
1786353497497,7410,7470,7470,60,3.2766,3.671654,8,10,10,0,,0.0,2912,1748,0,39.1131,5.236,1
1786353519608,7463,7480,7480,17,3.2758,3.67657,8,10,10,0,,0.0,2211,1747,0,39.1625,5.2356,1
1786353536950,7463,7490,7490,27,3.2681,3.681485,8,10,10,0,,0.0,1734,1747,0,39.2013,5.2338,1
1786353554341,7463,7500,7500,37,3.2579,3.6864,8,10,10,0,,0.0,1739,1747,0,39.2402,5.232,1
1786353632597,7500,7510,7510,10,3.2591,3.691315,8,10,10,0,,0.0,7826,1748,0,39.4151,5.2484,1
1786353650155,7500,7520,7520,20,3.2116,3.69623,8,10,10,0,,0.0,1756,1748,0,39.4544,5.2466,1
1786353667560,7500,7530,7530,30,3.2267,3.701146,8,10,10,0,,0.0,1741,1748,0,39.4933,5.2448,1
1786353685005,7500,7540,7540,40,3.2247,3.706061,8,10,10,0,,0.0,1744,1747,0,39.5323,5.243,1
1786353702459,7500,7550,7550,50,3.2785,3.710976,8,10,10,0,,0.0,1745,1747,0,39.5713,5.2412,1
1786353736624,7552,7560,7560,8,3.2602,3.715891,8,10,10,0,,0.0,3417,1748,0,39.6477,5.2444,1
1786353754108,7552,7570,7570,18,3.2212,3.720806,8,10,10,0,,0.0,1748,1752,0,39.6868,5.2426,1
1786353771524,7552,7580,7580,28,3.2563,3.725722,8,10,10,0,,0.0,1742,1752,0,39.7257,5.2409,1
1786353788962,7552,7590,7590,38,3.2256,3.730637,8,10,10,0,,0.0,1744,1748,0,39.7647,5.2391,1
1786353806552,7552,7600,7600,48,3.2208,3.735552,8,10,10,0,,0.0,1759,1748,0,39.804,5.2374,1
1786353836043,7604,7610,7610,6,3.2616,3.740467,8,10,10,0,,0.0,2949,1752,0,39.8699,5.2391,1
1786353857886,7604,7620,7620,16,3.222,3.745382,8,10,10,0,,0.0,2184,1752,0,39.9188,5.2387,1
1786353875307,7604,7630,7630,26,3.2589,3.750298,8,10,10,0,,0.0,1742,1752,0,39.9577,5.2369,1
1786353892735,7604,7640,7640,36,3.2612,3.755213,8,10,10,0,,0.0,1743,1752,0,39.9967,5.2352,1
1786353910118,7604,7650,7650,46,3.2344,3.760128,8,10,10,0,,0.0,1738,1756,0,40.0355,5.2334,1
1786353939175,7604,7660,7660,56,3.244,3.765043,8,10,10,0,,0.0,2906,1759,0,40.1005,5.235,1
1786353961278,7656,7670,7670,14,3.2692,3.769958,8,10,10,0,,0.0,2210,1756,0,40.1499,5.2347,1
1786353978802,7656,7680,7680,24,3.2347,3.774874,8,10,10,0,,0.0,1752,1759,0,40.1891,5.233,1
1786353996140,7656,7690,7690,34,3.2699,3.779789,8,10,10,0,,0.0,1734,1762,0,40.2278,5.2312,1
1786354013495,7656,7700,7700,44,3.2463,3.784704,8,10,10,0,,0.0,1736,1762,0,40.2666,5.2294,1
1786354042064,7656,7710,7710,54,3.2071,3.789619,8,10,10,0,,0.0,2857,1762,0,40.3305,5.2309,1
1786354064429,7708,7720,7720,12,3.23,3.794534,8,10,10,0,,0.0,2237,1759,0,40.3805,5.2306,1
1786354082053,7708,7730,7730,22,3.2252,3.79945,8,10,10,0,,0.0,1762,1762,0,40.4199,5.229,1
1786354099460,7708,7740,7740,32,3.25,3.804365,8,10,10,0,,0.0,1741,1777,0,40.4588,5.2272,1
1786354116849,7708,7750,7750,42,3.2802,3.80928,8,10,10,0,,0.0,1739,1777,0,40.4977,5.2255,1
1786354134620,7708,7760,7760,52,3.2755,3.814195,8,10,10,0,,0.0,1777,1777,0,40.5374,5.2239,1
1786354212637,7760,7770,7770,10,3.2065,3.81911,6,12,10,1,7770,0.0,2317,1762,0,40.6876,5.2365,1
1786354234991,7760,7780,7780,20,3.2458,3.824026,6,12,10,1,7780,0.0,2235,1762,0,40.7376,5.2362,1
1786354269677,7760,7790,7790,30,3.2517,3.828941,6,12,10,1,7790,0.0,3469,1777,0,40.8151,5.2394,1
1786354297225,7787,7800,7800,13,3.2335,3.833856,6,12,10,1,7800,0.0,2755,1777,0,40.8767,5.2406,1
1786354409610,7787,7790,7800,3,3.2345,3.828941,8,12,12,0,,0.0,3237,1777,0,41.1279,5.2796,1
1786354426856,7787,7800,7800,13,3.2413,3.833856,8,12,12,0,,0.0,1725,1762,0,41.1665,5.2778,1
1786354494439,7801,7810,7810,9,3.2351,3.838771,8,12,12,0,,0.0,6758,1762,0,41.3176,5.2903,1
1786354512279,7801,7820,7820,19,3.2523,3.843686,8,12,12,0,,0.0,1784,1777,0,41.3575,5.2887,1
1786354529859,7801,7830,7830,29,3.2338,3.848602,8,12,12,0,,0.0,1758,1777,0,41.3968,5.2869,1
1786354547287,7801,7840,7840,39,3.2383,3.853517,8,12,12,0,,0.0,1743,1777,0,41.4357,5.2852,1
1786354564698,7801,7850,7850,49,3.2339,3.858432,8,12,12,0,,0.0,1741,1768,0,41.4746,5.2834,1
1786354595920,7854,7860,7860,6,3.2331,3.863347,8,12,12,0,,0.0,3122,1762,0,41.5444,5.2856,1
1786354618294,7854,7870,7870,16,3.2303,3.868262,8,12,12,0,,0.0,2237,1768,0,41.5945,5.2852,1
1786354635719,7854,7880,7880,26,3.2506,3.873178,8,12,12,0,,0.0,1742,1768,0,41.6334,5.2834,1
1786354653112,7854,7890,7890,36,3.2578,3.878093,8,12,12,0,,0.0,1739,1768,0,41.6723,5.2817,1
1786354670477,7854,7900,7900,46,3.2184,3.883008,8,12,12,0,,0.0,1737,1760,0,41.7111,5.2799,1
1786354700071,7854,7910,7910,56,3.2521,3.887923,8,12,12,0,,0.0,2959,1758,0,41.7773,5.2816,1
1786354722476,7906,7920,7920,14,3.2442,3.892838,8,12,12,0,,0.0,2241,1758,0,41.8274,5.2812,1
1786354740025,7906,7930,7930,24,3.2134,3.897754,8,12,12,0,,0.0,1755,1758,0,41.8666,5.2795,1
1786354757403,7906,7940,7940,34,3.2292,3.902669,8,12,12,0,,0.0,1738,1755,0,41.9054,5.2778,1
1786354774798,7906,7950,7950,44,3.2281,3.907584,8,12,12,0,,0.0,1740,1750,0,41.9443,5.276,1
1786354803268,7906,7960,7960,54,3.2344,3.912499,8,12,12,0,,0.0,2847,1755,0,42.008,5.2774,1
1786354825989,7958,7970,7970,12,3.2141,3.917414,8,12,12,0,,0.0,2272,1755,0,42.0588,5.2771,1
1786354843673,7958,7980,7980,22,3.2393,3.92233,8,12,12,0,,0.0,1768,1750,0,42.0983,5.2755,1
1786354861054,7958,7990,7990,32,3.2264,3.927245,8,12,12,0,,0.0,1738,1746,0,42.1372,5.2737,1
1786354878493,7958,8000,8000,42,3.2519,3.93216,8,12,12,0,,0.0,1744,1750,0,42.1761,5.272,1
1786354895895,7958,8010,8010,52,3.2537,3.937075,8,12,12,0,,0.0,1740,1751,0,42.2151,5.2703,1
1786354930102,8011,8020,8020,9,3.2435,3.94199,8,12,12,0,,0.0,3421,1751,0,42.2915,5.2733,1
1786354947704,8011,8030,8030,19,3.2238,3.946906,8,12,12,0,,0.0,1760,1750,0,42.3309,5.2716,1
1786354965208,8011,8040,8040,29,3.2107,3.951821,8,12,12,0,,0.0,1750,1750,0,42.37,5.2699,1
1786354982581,8011,8050,8050,39,3.2396,3.956736,8,12,12,0,,0.0,1737,1750,0,42.4088,5.2682,1
1786354999940,8011,8060,8060,49,3.2291,3.961651,8,12,12,0,,0.0,1736,1751,0,42.4476,5.2665,1
1786355030232,8063,8070,8070,7,3.2331,3.966566,8,12,12,0,,0.0,3029,1751,0,42.5154,5.2683,1
1786355051380,8063,8080,8080,17,3.2659,3.971482,8,12,12,0,,0.0,2115,1750,0,42.5626,5.2677,1
1786355068767,8063,8090,8090,27,3.2615,3.976397,8,12,12,0,,0.0,1739,1746,0,42.6015,5.2659,1
1786355086221,8063,8100,8100,37,3.2315,3.981312,8,12,12,0,,0.0,1745,1746,0,42.6405,5.2643,1
1786355152722,8100,8110,8110,10,3.2522,3.986227,8,12,12,0,,0.0,6650,1750,0,42.7892,5.2761,1
1786355170361,8100,8120,8120,20,3.2431,3.991142,8,12,12,0,,0.0,1764,1750,0,42.8286,5.2745,1
1786355187816,8100,8130,8130,30,3.2137,3.996058,8,12,12,0,,0.0,1746,1750,0,42.8677,5.2728,1
1786355205250,8100,8140,8140,40,3.2255,4.000973,8,12,12,0,,0.0,1743,1746,0,42.9066,5.2711,1
1786355222758,8100,8150,8150,50,3.2427,4.005888,8,12,12,0,,0.0,1751,1746,0,42.9458,5.2694,1
1786355253561,8152,8160,8160,8,3.2555,4.010803,8,12,12,0,,0.0,3080,1750,0,43.0146,5.2714,1
1786355274074,8152,8170,8170,18,3.2421,4.015718,8,12,12,0,,0.0,2051,1751,0,43.0605,5.2706,1
1786355291496,8152,8180,8180,28,3.2269,4.020634,8,12,12,0,,0.0,1742,1751,0,43.0994,5.2689,1
1786355308891,8152,8190,8190,38,3.2504,4.025549,8,12,12,0,,0.0,1740,1750,0,43.1383,5.2672,1
1786355326286,8152,8200,8200,48,3.2308,4.030464,8,12,12,0,,0.0,1739,1746,0,43.1772,5.2655,1
1786355356964,8205,8210,8210,5,3.2033,4.035379,8,12,12,0,,0.0,3068,1746,0,43.2458,5.2675,1
1786355379562,8205,8220,8220,15,3.1921,4.040294,8,12,12,0,,0.0,2260,1751,0,43.2963,5.2672,1
1786355396988,8205,8230,8230,25,3.2405,4.04521,8,12,12,0,,0.0,1743,1748,0,43.3353,5.2655,1
1786355414426,8205,8240,8240,35,3.2214,4.050125,8,12,12,0,,0.0,1744,1746,0,43.3743,5.2639,1
1786355431833,8205,8250,8250,45,3.2225,4.05504,8,12,12,0,,0.0,1741,1746,0,43.4132,5.2622,1
1786355460812,8205,8260,8260,55,3.2352,4.059955,8,12,12,0,,0.0,2898,1748,0,43.478,5.2637,1
1786355482454,8257,8270,8270,13,3.2402,4.06487,8,12,12,0,,0.0,2164,1748,0,43.5263,5.2632,1
1786355500119,8257,8280,8280,23,3.231,4.069786,8,12,12,0,,0.0,1766,1746,0,43.5658,5.2616,1
1786355517507,8257,8290,8290,33,3.2208,4.074701,8,12,12,0,,0.0,1739,1745,0,43.6047,5.2599,1
1786355534883,8257,8300,8300,43,3.2246,4.079616,8,12,12,0,,0.0,1738,1745,0,43.6435,5.2583,1
1786355563261,8257,8310,8310,53,3.2106,4.084531,8,12,12,0,,0.0,2838,1745,0,43.707,5.2596,1
1786355586433,8309,8320,8320,11,3.239,4.089446,8,12,12,0,,0.0,2317,1745,0,43.7588,5.2595,1
1786355603985,8309,8330,8330,21,3.2187,4.094362,8,12,12,0,,0.0,1755,1744,0,43.798,5.2579,1
1786355621380,8309,8340,8340,31,3.2316,4.099277,8,12,12,0,,0.0,1740,1744,0,43.8369,5.2562,1
1786355638785,8309,8350,8350,41,3.2581,4.104192,8,12,12,0,,0.0,1741,1744,0,43.8758,5.2546,1
1786355656194,8309,8360,8360,51,3.2334,4.109107,8,12,12,0,,0.0,1741,1745,0,43.9147,5.253,1
1786355690505,8361,8370,8370,9,3.212,4.114022,8,12,12,0,,0.0,3431,1745,0,43.9914,5.2558,1
1786355707987,8361,8380,8380,19,3.1979,4.118938,8,12,12,0,,0.0,1748,1744,0,44.0305,5.2542,1
1786355725412,8361,8390,8390,29,3.2279,4.123853,8,12,12,0,,0.0,1742,1744,0,44.0695,5.2526,1
1786355742827,8361,8400,8400,39,3.2509,4.128768,8,12,12,0,,0.0,1741,1744,0,44.1084,5.251,1
1786355809056,8400,8410,8410,10,3.2355,4.133683,8,12,12,0,,0.0,6623,1745,0,44.2565,5.2624,1
1786355826617,8400,8420,8420,20,3.2209,4.138598,8,12,12,0,,0.0,1756,1745,0,44.2957,5.2608,1
1786355844067,8400,8430,8430,30,3.2268,4.143514,8,12,12,0,,0.0,1745,1745,0,44.3347,5.2592,1
1786355861487,8400,8440,8440,40,3.2388,4.148429,8,12,12,0,,0.0,1742,1744,0,44.3737,5.2575,1
1786355878890,8400,8450,8450,50,3.211,4.153344,8,12,12,0,,0.0,1740,1745,0,44.4126,5.2559,1
1786355907765,8400,8460,8460,60,3.2075,4.158259,8,12,12,0,,0.0,2887,1745,0,44.4771,5.2573,1
1786355930135,8453,8470,8470,17,3.2235,4.163174,8,12,12,0,,0.0,2237,1745,0,44.5272,5.257,1
1786355947541,8453,8480,8480,27,3.1978,4.16809,8,12,12,0,,0.0,1741,1745,0,44.5661,5.2554,1
1786355964973,8453,8490,8490,37,3.2351,4.173005,8,12,12,0,,0.0,1743,1745,0,44.605,5.2538,1
1786355982348,8453,8500,8500,47,3.1977,4.17792,8,12,12,0,,0.0,1737,1745,0,44.6439,5.2522,1
1786356012079,8453,8510,8510,57,3.2075,4.182835,8,12,12,0,,0.0,2973,1745,0,44.7103,5.2539,1
1786356034456,8506,8520,8520,14,3.2451,4.18775,8,12,12,0,,0.0,2238,1745,0,44.7604,5.2536,1
1786356051895,8506,8530,8530,24,3.226,4.192666,8,12,12,0,,0.0,1744,1745,0,44.7994,5.252,1
1786356069310,8506,8540,8540,34,3.1712,4.197581,8,12,12,0,,0.0,1742,1745,0,44.8383,5.2504,1
1786356086719,8506,8550,8550,44,3.2352,4.202496,8,12,12,0,,0.0,1741,1745,0,44.8772,5.2488,1
1786356116330,8506,8560,8560,54,3.2305,4.207411,8,12,12,0,,0.0,2961,1745,0,44.9434,5.2504,1
1786356138422,8557,8570,8570,13,3.1947,4.212326,8,12,12,0,,0.0,2209,1745,0,44.9928,5.25,1
1786356156044,8557,8580,8580,23,3.2403,4.217242,8,12,12,0,,0.0,1762,1745,0,45.0322,5.2485,1
1786356173440,8557,8590,8590,33,3.2215,4.222157,8,12,12,0,,0.0,1740,1752,0,45.0711,5.2469,1
1786356190889,8557,8600,8600,43,3.2488,4.227072,8,12,12,0,,0.0,1745,1752,0,45.1101,5.2454,1
1786356219319,8557,8610,8610,53,3.2314,4.231987,8,12,12,0,,0.0,2843,1755,0,45.1736,5.2466,1
1786356241897,8608,8620,8620,12,3.2227,4.236902,8,12,12,0,,0.0,2258,1755,0,45.2241,5.2464,1
1786356259452,8608,8630,8630,22,3.2195,4.241818,8,12,12,0,,0.0,1755,1755,0,45.2634,5.2449,1
1786356276872,8608,8640,8640,32,3.2243,4.246733,8,12,12,0,,0.0,1742,1755,0,45.3023,5.2433,1
1786356294279,8608,8650,8650,42,3.2166,4.251648,8,12,12,0,,0.0,1741,1755,0,45.3412,5.2418,1
1786356311683,8608,8660,8660,52,3.2437,4.256563,8,12,12,0,,0.0,1740,1757,0,45.3801,5.2402,1
1786356343356,8662,8670,8670,8,3.2559,4.261478,8,12,12,0,,0.0,3167,1757,0,45.4509,5.2423,1
1786356363962,8662,8680,8680,18,3.2122,4.266394,8,12,12,0,,0.0,2061,1757,0,45.497,5.2416,1
1786356381379,8662,8690,8690,28,3.2352,4.271309,8,12,12,0,,0.0,1742,1757,0,45.5359,5.24,1
1786356398744,8662,8700,8700,38,3.2019,4.276224,8,12,12,0,,0.0,1737,1757,0,45.5748,5.2385,1
1786356465434,8700,8710,8710,10,3.23,4.281139,8,12,12,0,,0.0,6669,1759,0,45.7238,5.2496,1
1786356483135,8700,8720,8720,20,3.2409,4.286054,8,12,12,0,,0.0,1770,1759,0,45.7634,5.2481,1
1786356500660,8700,8730,8730,30,3.2175,4.29097,8,12,12,0,,0.0,1752,1757,0,45.8026,5.2466,1
1786356518226,8700,8740,8740,40,3.2027,4.295885,8,12,12,0,,0.0,1757,1755,0,45.8419,5.2451,1
1786356535675,8700,8750,8750,50,3.2317,4.3008,8,12,12,0,,0.0,1745,1755,0,45.8809,5.2435,1
1786356569254,8751,8760,8760,9,3.2288,4.305715,8,12,12,0,,0.0,3358,1757,0,45.9559,5.2461,1
1786356586889,8751,8770,8770,19,3.2295,4.31063,8,12,12,0,,0.0,1763,1757,0,45.9954,5.2446,1
1786356604586,8751,8780,8780,29,3.1815,4.315546,8,12,12,0,,0.0,1770,1757,0,46.0349,5.2432,1
1786356621996,8751,8790,8790,39,3.2254,4.320461,8,12,12,0,,0.0,1741,1757,0,46.0738,5.2416,1
1786356639470,8751,8800,8800,49,3.2191,4.325376,8,12,12,0,,0.0,1747,1757,0,46.1129,5.2401,1
1786356671030,8803,8810,8810,7,3.1992,4.330291,8,12,12,0,,0.0,3156,1757,0,46.1835,5.2422,1
1786356690786,8803,8820,8820,17,3.2191,4.335206,8,12,12,0,,0.0,1976,1759,0,46.2276,5.2412,1
1786356708375,8803,8830,8830,27,3.2007,4.340122,8,12,12,0,,0.0,1759,1759,0,46.267,5.2397,1
1786356725786,8803,8840,8840,37,3.1988,4.345037,8,12,12,0,,0.0,1741,1757,0,46.3059,5.2382,1
1786356743185,8803,8850,8850,47,3.2289,4.349952,8,12,12,0,,0.0,1740,1757,0,46.3448,5.2367,1
1786356772644,8803,8860,8860,57,3.2127,4.354867,8,12,12,0,,0.0,2946,1759,0,46.4106,5.2382,1
1786356794685,8855,8870,8870,15,3.2118,4.359782,8,12,12,0,,0.0,2204,1759,0,46.4599,5.2379,1
1786356812073,8855,8880,8880,25,3.2483,4.364698,8,12,12,0,,0.0,1739,1757,0,46.4988,5.2363,1
1786356829435,8855,8890,8890,35,3.2063,4.369613,8,12,12,0,,0.0,1736,1757,0,46.5376,5.2348,1
1786356846789,8855,8900,8900,45,3.2107,4.374528,8,12,12,0,,0.0,1735,1756,0,46.5764,5.2333,1
1786356875690,8855,8910,8910,55,3.2229,4.379443,8,12,12,0,,0.0,2890,1759,0,46.641,5.2347,1
1786356899495,8907,8920,8920,13,3.2134,4.384358,8,12,12,0,,0.0,2381,1759,0,46.6942,5.2348,1
1786356917137,8907,8930,8930,23,3.2152,4.389274,8,12,12,0,,0.0,1764,1756,0,46.7337,5.2333,1
1786356934507,8907,8940,8940,33,3.1923,4.394189,8,12,12,0,,0.0,1737,1747,0,46.7725,5.2318,1
1786356951924,8907,8950,8950,43,3.2546,4.399104,8,12,12,0,,0.0,1742,1747,0,46.8114,5.2303,1
1786356969480,8907,8960,8960,53,3.2062,4.404019,8,12,12,0,,0.0,1756,1756,0,46.8507,5.2289,1
1786357002142,8960,8970,8970,10,3.2496,4.408934,8,12,12,0,,0.0,3266,1756,0,46.9237,5.2312,1
1786357020174,8960,8980,8980,20,3.2469,4.41385,8,12,12,0,,0.0,1803,1747,0,46.964,5.2298,1
1786357037561,8960,8990,8990,30,3.2157,4.418765,8,12,12,0,,0.0,1739,1746,0,47.0029,5.2283,1
1786357054936,8960,9000,9000,40,3.2272,4.42368,8,12,12,0,,0.0,1738,1747,0,47.0417,5.2269,1
1786357125934,9000,9010,9010,10,3.1876,4.428595,8,12,12,0,,0.0,7100,1747,0,47.2004,5.2387,1
1786357143617,9000,9020,9020,20,3.2177,4.43351,8,12,12,0,,0.0,1768,1747,0,47.24,5.2372,1
1786357161079,9000,9030,9030,30,3.1975,4.438426,8,12,12,0,,0.0,1746,1747,0,47.279,5.2358,1
1786357178545,9000,9040,9040,40,3.199,4.443341,8,12,12,0,,0.0,1747,1747,0,47.318,5.2343,1
1786357195956,9000,9050,9050,50,3.2251,4.448256,8,12,12,0,,0.0,1741,1747,0,47.357,5.2328,1
1786357230023,9051,9060,9060,9,3.2243,4.453171,8,12,12,0,,0.0,3407,1747,0,47.4331,5.2354,1
1786357247883,9051,9070,9070,19,3.1952,4.458086,8,12,12,0,,0.0,1786,1747,0,47.4731,5.2341,1
1786357265323,9051,9080,9080,29,3.2333,4.463002,8,12,12,0,,0.0,1744,1747,0,47.512,5.2326,1
1786357282703,9051,9090,9090,39,3.203,4.467917,8,12,12,0,,0.0,1738,1747,0,47.5509,5.2311,1
1786357300077,9051,9100,9100,49,3.204,4.472832,8,12,12,0,,0.0,1737,1747,0,47.5897,5.2296,1
1786357333087,9102,9110,9110,8,3.2177,4.477747,8,12,12,0,,0.0,3301,1747,0,47.6635,5.232,1
1786357351312,9102,9120,9120,18,3.2298,4.482662,8,12,12,0,,0.0,1823,1747,0,47.7043,5.2307,1
1786357368674,9102,9130,9130,28,3.2091,4.487578,8,12,12,0,,0.0,1736,1747,0,47.7431,5.2293,1
1786357386080,9102,9140,9140,38,3.2322,4.492493,8,12,12,0,,0.0,1741,1747,0,47.782,5.2278,1
1786357403551,9102,9150,9150,48,3.1726,4.497408,8,12,12,0,,0.0,1747,1747,0,47.8211,5.2263,1
1786357432748,9102,9160,9160,58,3.228,4.502323,8,12,12,0,,0.0,2920,1748,0,47.8863,5.2278,1
1786357454947,9155,9170,9170,15,3.1999,4.507238,8,12,12,0,,0.0,2220,1748,0,47.936,5.2275,1
1786357472389,9155,9180,9180,25,3.2253,4.512154,8,12,12,0,,0.0,1744,1748,0,47.9749,5.226,1
1786357489805,9155,9190,9190,35,3.2296,4.517069,8,12,12,0,,0.0,1742,1758,0,48.0139,5.2246,1
1786357507192,9155,9200,9200,45,3.2245,4.521984,8,12,12,0,,0.0,1739,1770,0,48.0528,5.2231,1
1786357536325,9155,9210,9210,55,3.2117,4.526899,8,12,12,0,,0.0,2913,1786,0,48.1179,5.2245,1
1786357558384,9207,9220,9220,13,3.1947,4.531814,8,12,12,0,,0.0,2206,1786,0,48.1672,5.2242,1
1786357576079,9207,9230,9230,23,3.2037,4.53673,8,12,12,0,,0.0,1770,1823,0,48.2068,5.2228,1
1786357593430,9207,9240,9240,33,3.1992,4.541645,8,12,12,0,,0.0,1735,1984,0,48.2455,5.2214,1
1786357610845,9207,9250,9250,43,3.2024,4.54656,8,12,12,0,,0.0,1741,1987,0,48.2845,5.2199,1
1786357639103,9207,9260,9260,53,3.2368,4.551475,8,12,12,0,,0.0,2826,1994,0,48.3476,5.2211,1
1786357662468,9259,9270,9270,11,3.2195,4.55639,8,12,12,0,,0.0,2336,1994,0,48.3999,5.2211,1
1786357680046,9259,9280,9280,21,3.1865,4.561306,8,12,12,0,,0.0,1758,1997,0,48.4392,5.2197,1
1786357697428,9259,9290,9290,31,3.1834,4.566221,8,12,12,0,,0.0,1738,1997,0,48.478,5.2183,1
1786357714906,9259,9300,9300,41,3.1821,4.571136,8,12,12,0,,0.0,1748,1999,0,48.5171,5.2169,1
1786357805063,9259,9310,9310,51,3.2066,4.576051,7,13,12,1,9310,0.0,2066,2012,0,48.7113,5.2321,1
1786357824906,9259,9320,9320,61,3.2171,4.580966,7,13,12,1,9320,0.0,1984,1999,0,48.7557,5.2313,1
1786357844775,9259,9330,9330,71,3.2007,4.585882,7,13,12,1,9330,0.0,1987,1997,0,48.8001,5.2304,1
1786357881830,9330,9340,9340,10,3.1838,4.590797,7,13,12,1,9340,0.0,3706,1997,0,48.8829,5.2337,1
1786357902067,9330,9350,9350,20,3.1858,4.595712,7,13,12,1,9350,0.0,2024,1999,0,48.9282,5.233,1
1786357922039,9330,9360,9360,30,3.1719,4.600627,7,13,12,1,9360,0.0,1997,2012,0,48.9728,5.2321,1
1786357941983,9330,9370,9370,40,3.1969,4.605542,7,13,12,1,9370,0.0,1994,1999,0,49.0174,5.2313,1
1786357975094,9330,9380,9380,50,3.2354,4.610458,7,13,12,1,9380,0.0,3311,1997,0,49.0914,5.2336,1
1786358000031,9376,9390,9390,14,3.1971,4.615373,7,13,12,1,9390,0.0,2494,1997,0,49.1472,5.234,1
1786358020022,9376,9400,9400,24,3.1935,4.620288,7,13,12,1,9400,0.0,1999,1997,0,49.1918,5.2332,1
1786358040266,9376,9410,9410,34,3.2005,4.625203,7,13,12,1,9410,0.0,2024,1999,0,49.2371,5.2324,1
1786358060386,9376,9420,9420,44,3.2191,4.630118,7,13,12,1,9420,0.0,2012,1997,0,49.2821,5.2316,1
1786358179197,9421,9430,9430,9,3.194,4.635034,8,13,13,0,,0.0,3578,1994,0,49.5477,5.2543,1
1786358196501,9421,9440,9440,19,3.1887,4.639949,8,13,13,0,,0.0,1730,1994,0,49.5864,5.2528,1
1786358227311,9421,9450,9450,29,3.2234,4.644864,8,13,13,0,,0.0,3081,1994,0,49.6553,5.2545,1
1786358249159,9447,9460,9460,13,3.2115,4.649779,8,13,13,0,,0.0,2185,1997,0,49.7041,5.2541,1
1786358266961,9447,9470,9470,23,3.21,4.654694,8,13,13,0,,0.0,1780,1994,0,49.7439,5.2528,1
1786358284403,9447,9480,9480,33,3.222,4.65961,8,13,13,0,,0.0,1744,1994,0,49.7829,5.2514,1
1786358301882,9447,9490,9490,43,3.1628,4.664525,8,13,13,0,,0.0,1748,1994,0,49.822,5.2499,1
1786358331612,9447,9500,9500,53,3.2015,4.66944,8,13,13,0,,0.0,2973,1780,0,49.8884,5.2514,1
1786358354688,9499,9510,9510,11,3.2363,4.674355,8,13,13,0,,0.0,2308,1780,0,49.94,5.2513,1
1786358372315,9499,9520,9520,21,3.1892,4.67927,8,13,13,0,,0.0,1763,1780,0,49.9794,5.2499,1
1786358389830,9499,9530,9530,31,3.1976,4.684186,8,13,13,0,,0.0,1752,1776,0,50.0186,5.2485,1
1786358407512,9499,9540,9540,41,3.2121,4.689101,8,13,13,0,,0.0,1768,1772,0,50.0581,5.2472,1
1786358425058,9499,9550,9550,51,3.1799,4.694016,8,13,13,0,,0.0,1755,1768,0,50.0973,5.2458,1
1786358458920,9551,9560,9560,9,3.1891,4.698931,8,13,13,0,,0.0,3386,1768,0,50.173,5.2482,1
1786358476723,9551,9570,9570,19,3.209,4.703846,8,13,13,0,,0.0,1780,1768,0,50.2128,5.2469,1
1786358494175,9551,9580,9580,29,3.1931,4.708762,8,13,13,0,,0.0,1745,1763,0,50.2518,5.2455,1
1786358511619,9551,9590,9590,39,3.1902,4.713677,8,13,13,0,,0.0,1744,1758,0,50.2908,5.2441,1
1786358529063,9551,9600,9600,49,3.1961,4.718592,8,13,13,0,,0.0,1744,1758,0,50.3298,5.2427,1
1786358594501,9600,9610,9610,10,3.2209,4.723507,8,13,13,0,,0.0,6544,1758,0,50.4761,5.2525,1
1786358612220,9600,9620,9620,20,3.1527,4.728422,8,13,13,0,,0.0,1772,1758,0,50.5157,5.2511,1
1786358629757,9600,9630,9630,30,3.1916,4.733338,8,13,13,0,,0.0,1754,1755,0,50.5549,5.2497,1
1786358647245,9600,9640,9640,40,3.1968,4.738253,8,13,13,0,,0.0,1749,1755,0,50.594,5.2483,1
1786358665004,9600,9650,9650,50,3.212,4.743168,8,13,13,0,,0.0,1776,1755,0,50.6337,5.247,1
1786358698671,9652,9660,9660,8,3.2071,4.748083,8,13,13,0,,0.0,3367,1755,0,50.709,5.2494,1
1786358716249,9652,9670,9670,18,3.2065,4.752998,8,13,13,0,,0.0,1758,1755,0,50.7483,5.248,1
1786358733682,9652,9680,9680,28,3.2069,4.757914,8,13,13,0,,0.0,1743,1754,0,50.7873,5.2466,1
1786358751159,9652,9690,9690,38,3.191,4.762829,8,13,13,0,,0.0,1748,1754,0,50.8263,5.2452,1
1786358768659,9652,9700,9700,48,3.1885,4.767744,8,13,13,0,,0.0,1750,1754,0,50.8655,5.2439,1
1786358798061,9652,9710,9710,58,3.1931,4.772659,8,13,13,0,,0.0,2940,1754,0,50.9312,5.2452,1
1786358820664,9704,9720,9720,16,3.2034,4.777574,8,13,13,0,,0.0,2260,1754,0,50.9817,5.245,1
1786358838150,9704,9730,9730,26,3.1994,4.78249,8,13,13,0,,0.0,1749,1754,0,51.0208,5.2437,1
1786358855630,9704,9740,9740,36,3.1995,4.787405,8,13,13,0,,0.0,1748,1754,0,51.0599,5.2423,1
1786358873116,9704,9750,9750,46,3.1646,4.79232,8,13,13,0,,0.0,1749,1754,0,51.099,5.2409,1
1786358902405,9704,9760,9760,56,3.1893,4.797235,8,13,13,0,,0.0,2929,1754,0,51.1645,5.2423,1
1786358924802,9756,9770,9770,14,3.2151,4.80215,8,13,13,0,,0.0,2240,1754,0,51.2145,5.242,1
1786358942318,9756,9780,9780,24,3.2024,4.807066,8,13,13,0,,0.0,1752,1754,0,51.2537,5.2407,1
1786358959771,9756,9790,9790,34,3.1978,4.811981,8,13,13,0,,0.0,1745,1757,0,51.2927,5.2393,1
1786358977196,9756,9800,9800,44,3.1871,4.816896,8,13,13,0,,0.0,1742,1758,0,51.3317,5.2379,1
1786359006463,9756,9810,9810,54,3.183,4.821811,8,13,13,0,,0.0,2927,1758,0,51.3971,5.2393,1
1786359028850,9807,9820,9820,13,3.2143,4.826726,8,13,13,0,,0.0,2239,1758,0,51.4471,5.239,1
1786359046392,9807,9830,9830,23,3.1892,4.831642,8,13,13,0,,0.0,1754,1758,0,51.4864,5.2377,1
1786359063889,9807,9840,9840,33,3.1946,4.836557,8,13,13,0,,0.0,1750,1762,0,51.5255,5.2363,1
1786359081399,9807,9850,9850,43,3.2007,4.841472,8,13,13,0,,0.0,1751,1762,0,51.5646,5.235,1
1786359110630,9807,9860,9860,53,3.2193,4.846387,8,13,13,0,,0.0,2923,1762,0,51.63,5.2363,1
1786359133375,9858,9870,9870,12,3.1879,4.851302,8,13,13,0,,0.0,2274,1762,0,51.6808,5.2362,1
1786359151013,9858,9880,9880,22,3.1958,4.856218,8,13,13,0,,0.0,1764,1762,0,51.7202,5.2348,1
1786359168508,9858,9890,9890,32,3.225,4.861133,8,13,13,0,,0.0,1749,1762,0,51.7594,5.2335,1
1786359185936,9858,9900,9900,42,3.1741,4.866048,8,13,13,0,,0.0,1743,1762,0,51.7983,5.2322,1
1786359252682,9900,9910,9910,10,3.1814,4.870963,8,13,13,0,,0.0,6675,1764,0,51.9475,5.2419,1
1786359270430,9900,9920,9920,20,3.1967,4.875878,8,13,13,0,,0.0,1775,1764,0,51.9872,5.2406,1
1786359288005,9900,9930,9930,30,3.1946,4.880794,8,13,13,0,,0.0,1757,1764,0,52.0265,5.2393,1
1786359305581,9900,9940,9940,40,3.2005,4.885709,8,13,13,0,,0.0,1758,1764,0,52.0658,5.238,1
1786359323200,9900,9950,9950,50,3.2402,4.890624,8,13,13,0,,0.0,1762,1764,0,52.1052,5.2367,1
1786359357483,9951,9960,9960,9,3.2291,4.895539,8,13,13,0,,0.0,3428,1765,0,52.1818,5.2391,1
1786359375336,9951,9970,9970,19,3.1595,4.900454,8,13,13,0,,0.0,1785,1765,0,52.2217,5.2379,1
1786359392956,9951,9980,9980,29,3.1997,4.90537,8,13,13,0,,0.0,1762,1764,0,52.2611,5.2366,1
1786359410605,9951,9990,9990,39,3.1895,4.910285,8,13,13,0,,0.0,1765,1764,0,52.3006,5.2353,1
1786359428050,9951,10000,10000,49,3.188,4.9152,8,13,13,0,,0.0,1744,1764,0,52.3396,5.234,1
1786359462406,10002,10010,10010,8,3.2085,4.920115,8,13,13,0,,0.0,3436,1765,0,52.4164,5.2364,1
1786359480057,10002,10020,10020,18,3.1759,4.92503,8,13,13,0,,0.0,1765,1765,0,52.4558,5.2351,1
1786359497531,10002,10030,10030,28,3.1826,4.929946,8,13,13,0,,0.0,1747,1764,0,52.4949,5.2338,1
1786359515268,10002,10040,10040,38,3.1755,4.934861,8,13,13,0,,0.0,1774,1762,0,52.5346,5.2325,1
1786359532719,10002,10050,10050,48,3.1936,4.939776,8,13,13,0,,0.0,1745,1762,0,52.5736,5.2312,1
1786359562078,10002,10060,10060,58,3.2252,4.944691,8,13,13,0,,0.0,2936,1765,0,52.6392,5.2325,1
1786359584292,10053,10070,10070,17,3.1771,4.949606,8,13,13,0,,0.0,2221,1765,0,52.6889,5.2323,1
1786359601982,10053,10080,10080,27,3.1893,4.954522,8,13,13,0,,0.0,1769,1762,0,52.7284,5.231,1
1786359619495,10053,10090,10090,37,3.1853,4.959437,8,13,13,0,,0.0,1751,1762,0,52.7676,5.2297,1
1786359636946,10053,10100,10100,47,3.2132,4.964352,8,13,13,0,,0.0,1745,1762,0,52.8066,5.2284,1
1786359666213,10053,10110,10110,57,3.2057,4.969267,8,13,13,0,,0.0,2927,1765,0,52.872,5.2297,1
1786359688810,10105,10120,10120,15,3.1704,4.974182,8,13,13,0,,0.0,2260,1765,0,52.9225,5.2295,1
1786359706242,10105,10130,10130,25,3.2085,4.979098,8,13,13,0,,0.0,1743,1762,0,52.9615,5.2282,1
1786359723736,10105,10140,10140,35,3.1878,4.984013,8,13,13,0,,0.0,1749,1757,0,53.0006,5.2269,1
1786359741214,10105,10150,10150,45,3.2503,4.988928,8,13,13,0,,0.0,1748,1755,0,53.0397,5.2256,1
1786359770567,10105,10160,10160,55,3.1745,4.993843,8,13,13,0,,0.0,2935,1757,0,53.1053,5.2269,1
1786359793191,10156,10170,10170,14,3.1972,4.998758,8,13,13,0,,0.0,2262,1757,0,53.1559,5.2267,1
1786359810738,10156,10180,10180,24,3.1662,5.003674,8,13,13,0,,0.0,1755,1757,0,53.1951,5.2255,1
1786359828231,10156,10190,10190,34,3.1782,5.008589,8,13,13,0,,0.0,1749,1757,0,53.2342,5.2242,1
1786359845712,10156,10200,10200,44,3.1843,5.013504,8,13,13,0,,0.0,1748,1755,0,53.2733,5.2229,1
1786359912836,10200,10210,10210,10,3.1974,5.018419,8,13,13,0,,0.0,6712,1757,0,53.4233,5.2325,1
1786359930703,10200,10220,10220,20,3.1744,5.023334,8,13,13,0,,0.0,1787,1757,0,53.4633,5.2312,1
1786359948240,10200,10230,10230,30,3.204,5.02825,8,13,13,0,,0.0,1754,1757,0,53.5025,5.23,1
1786359965778,10200,10240,10240,40,3.2051,5.033165,8,13,13,0,,0.0,1754,1755,0,53.5417,5.2287,1
1786359983352,10200,10250,10250,50,3.2325,5.03808,8,13,13,0,,0.0,1757,1755,0,53.581,5.2274,1
1786360017052,10251,10260,10260,9,3.1973,5.042995,8,13,13,0,,0.0,3370,1757,0,53.6563,5.2297,1
1786360035152,10251,10270,10270,19,3.1662,5.04791,8,13,13,0,,0.0,1810,1757,0,53.6968,5.2285,1
1786360052653,10251,10280,10280,29,3.197,5.052826,8,13,13,0,,0.0,1750,1757,0,53.7359,5.2272,1
1786360070116,10251,10290,10290,39,3.1991,5.057741,8,13,13,0,,0.0,1746,1757,0,53.7749,5.2259,1
1786360087585,10251,10300,10300,49,3.2179,5.062656,8,13,13,0,,0.0,1747,1757,0,53.814,5.2247,1
1786360116949,10303,10310,10310,7,3.2153,5.067571,8,13,13,0,,0.0,2936,1758,0,53.8796,5.226,1
1786360139039,10303,10320,10320,17,3.1974,5.072486,8,13,13,0,,0.0,2209,1758,0,53.929,5.2257,1
1786360156766,10303,10330,10330,27,3.194,5.077402,8,13,13,0,,0.0,1773,1758,0,53.9687,5.2245,1
1786360174312,10303,10340,10340,37,3.1843,5.082317,8,13,13,0,,0.0,1755,1758,0,54.0079,5.2232,1
1786360191784,10303,10350,10350,47,3.1735,5.087232,8,13,13,0,,0.0,1747,1758,0,54.0469,5.2219,1
1786360221214,10303,10360,10360,57,3.1869,5.092147,8,13,13,0,,0.0,2943,1769,0,54.1127,5.2232,1
1786360243944,10355,10370,10370,15,3.2017,5.097062,8,13,13,0,,0.0,2273,1769,0,54.1635,5.2231,1
1786360261520,10355,10380,10380,25,3.1805,5.101978,8,13,13,0,,0.0,1758,1758,0,54.2028,5.2219,1
1786360278990,10355,10390,10390,35,3.181,5.106893,8,13,13,0,,0.0,1747,1758,0,54.2419,5.2206,1
1786360296537,10355,10400,10400,45,3.1854,5.111808,8,13,13,0,,0.0,1755,1769,0,54.2811,5.2193,1
1786360325801,10355,10410,10410,55,3.1833,5.116723,8,13,13,0,,0.0,2926,1773,0,54.3465,5.2206,1
1786360347799,10407,10420,10420,13,3.2094,5.121638,8,13,13,0,,0.0,2200,1773,0,54.3957,5.2203,1
1786360365484,10407,10430,10430,23,3.2136,5.126554,8,13,13,0,,0.0,1769,1769,0,54.4353,5.2191,1
1786360382946,10407,10440,10440,33,3.1822,5.131469,8,13,13,0,,0.0,1746,1769,0,54.4743,5.2178,1
1786360400406,10407,10450,10450,43,3.1959,5.136384,8,13,13,0,,0.0,1746,1769,0,54.5133,5.2166,1
1786360428737,10407,10460,10460,53,3.2079,5.141299,8,13,13,0,,0.0,2833,1773,0,54.5767,5.2177,1
1786360451449,10459,10470,10470,11,3.1868,5.146214,8,13,13,0,,0.0,2271,1773,0,54.6274,5.2175,1
1786360469226,10459,10480,10480,21,3.184,5.15113,8,13,13,0,,0.0,1778,1769,0,54.6672,5.2163,1
1786360486666,10459,10490,10490,31,3.207,5.156045,8,13,13,0,,0.0,1744,1758,0,54.7062,5.2151,1
1786360504164,10459,10500,10500,41,3.2267,5.16096,8,13,13,0,,0.0,1750,1758,0,54.7453,5.2138,1
1786360582783,10500,10510,10510,10,3.1861,5.165875,8,13,13,0,,0.0,7862,1769,0,54.921,5.2256,1
1786360600602,10500,10520,10520,20,3.1951,5.17079,8,13,13,0,,0.0,1782,1769,0,54.9609,5.2244,1
1786360618131,10500,10530,10530,30,3.2061,5.175706,8,13,13,0,,0.0,1753,1758,0,55.0001,5.2232,1
1786360635696,10500,10540,10540,40,3.2021,5.180621,8,13,13,0,,0.0,1757,1757,0,55.0393,5.2219,1
1786360653479,10500,10550,10550,50,3.187,5.185536,8,13,13,0,,0.0,1778,1757,0,55.0791,5.2208,1
1786360687410,10551,10560,10560,9,3.1966,5.190451,8,13,13,0,,0.0,3393,1769,0,55.1549,5.223,1
1786360705260,10551,10570,10570,19,3.1874,5.195366,8,13,13,0,,0.0,1785,1769,0,55.1948,5.2218,1
1786360722781,10551,10580,10580,29,3.1851,5.200282,8,13,13,0,,0.0,1752,1769,0,55.234,5.2206,1
1786360740199,10551,10590,10590,39,3.1983,5.205197,8,13,13,0,,0.0,1742,1757,0,55.273,5.2194,1
1786360757679,10551,10600,10600,49,3.1788,5.210112,8,13,13,0,,0.0,1748,1757,0,55.312,5.2181,1
1786360787765,10551,10610,10610,59,3.1582,5.215027,8,13,13,0,,0.0,3009,1761,0,55.3793,5.2195,1
1786360809773,10604,10620,10620,16,3.1768,5.219942,8,13,13,0,,0.0,2201,1761,0,55.4285,5.2193,1
1786360827276,10604,10630,10630,26,3.1696,5.224858,8,13,13,0,,0.0,1750,1761,0,55.4676,5.218,1
1786360844751,10604,10640,10640,36,3.1743,5.229773,8,13,13,0,,0.0,1748,1757,0,55.5067,5.2168,1
1786360862192,10604,10650,10650,46,3.1796,5.234688,8,13,13,0,,0.0,1744,1757,0,55.5457,5.2156,1
1786360891406,10604,10660,10660,56,3.1914,5.239603,8,13,13,0,,0.0,2921,1761,0,55.611,5.2168,1
1786360913802,10656,10670,10670,14,3.1577,5.244518,8,13,13,0,,0.0,2240,1761,0,55.6611,5.2166,1
1786360931265,10656,10680,10680,24,3.1779,5.249434,8,13,13,0,,0.0,1746,1760,0,55.7001,5.2154,1
1786360948754,10656,10690,10690,34,3.1828,5.254349,8,13,13,0,,0.0,1749,1760,0,55.7392,5.2141,1
1786360966242,10656,10700,10700,44,3.1876,5.259264,8,13,13,0,,0.0,1749,1760,0,55.7783,5.2129,1
1786360994697,10656,10710,10710,54,3.1968,5.264179,8,13,13,0,,0.0,2846,1760,0,55.8419,5.214,1
1786361017564,10707,10720,10720,13,3.2077,5.269094,8,13,13,0,,0.0,2287,1760,0,55.893,5.2139,1
1786361035491,10707,10730,10730,23,3.1962,5.27401,8,13,13,0,,0.0,1793,1760,0,55.9331,5.2128,1
1786361052959,10707,10740,10740,33,3.1529,5.278925,8,13,13,0,,0.0,1747,1761,0,55.9721,5.2116,1
1786361070459,10707,10750,10750,43,3.1986,5.28384,8,13,13,0,,0.0,1750,1763,0,56.0113,5.2104,1
1786361088071,10707,10760,10760,53,3.194,5.288755,8,13,13,0,,0.0,1761,1767,0,56.0506,5.2092,1
1786361118490,10760,10770,10770,10,3.1603,5.29367,8,13,13,0,,0.0,3042,1767,0,56.1186,5.2106,1
1786361139382,10760,10780,10780,20,3.202,5.298586,8,13,13,0,,0.0,2089,1767,0,56.1653,5.2101,1
1786361156934,10760,10790,10790,30,3.1668,5.303501,8,13,13,0,,0.0,1755,1793,0,56.2046,5.209,1
1786361174410,10760,10800,10800,40,3.1564,5.308416,8,13,13,0,,0.0,1748,1968,0,56.2437,5.2077,1
1786361241335,10800,10810,10810,10,3.2293,5.313331,8,13,13,0,,0.0,6693,1968,0,56.3933,5.2168,1
1786361259009,10800,10820,10820,20,3.1859,5.318246,8,13,13,0,,0.0,1767,1793,0,56.4328,5.2156,1
1786361276613,10800,10830,10830,30,3.2063,5.323162,8,13,13,0,,0.0,1760,1793,0,56.4721,5.2144,1
1786361294207,10800,10840,10840,40,3.1911,5.328077,8,13,13,0,,0.0,1759,1968,0,56.5115,5.2132,1
1786361311760,10800,10850,10850,50,3.2029,5.332992,8,13,13,0,,0.0,1755,1968,0,56.5507,5.212,1
1786361345779,10851,10860,10860,9,3.1805,5.337907,8,13,13,0,,0.0,3402,1968,0,56.6268,5.2143,1
1786361363409,10851,10870,10870,19,3.2019,5.342822,8,13,13,0,,0.0,1763,1793,0,56.6662,5.2131,1
1786361408138,10851,10860,10870,9,3.2003,5.337907,7,14,13,1,10870,0.0,2073,1793,0,56.7589,5.2264,1
1786361428103,10851,10870,10870,19,3.1551,5.342822,7,14,13,1,10870,0.0,1997,1968,0,56.8035,5.2257,1
1786361448028,10851,10880,10880,29,3.1804,5.347738,7,14,13,1,10880,0.0,1993,1968,0,56.8481,5.225,1
1786361485082,10881,10890,10890,9,3.1676,5.352653,7,14,13,1,10890,0.0,3705,1968,0,56.9309,5.2278,1
1786361505484,10881,10900,10900,19,3.1483,5.357568,7,14,13,1,10900,0.0,2040,1968,0,56.9765,5.2272,1
1786361525621,10881,10910,10910,29,3.1832,5.362483,7,14,13,1,10910,0.0,2014,1968,0,57.0216,5.2265,1
1786361545687,10881,10920,10920,39,3.1763,5.367398,7,14,13,1,10920,0.0,2007,1968,0,57.0664,5.2259,1
1786361612419,10881,10890,10920,9,3.1836,5.352653,8,14,14,0,,0.0,1968,1968,0,57.2156,5.254,1
1786361629734,10881,10900,10920,19,3.1693,5.357568,8,14,14,0,,0.0,1731,1968,0,57.2543,5.2527,1
1786361647089,10881,10910,10920,29,3.1941,5.362483,8,14,14,0,,0.0,1736,1790,0,57.2931,5.2514,1
1786361677492,10881,10920,10920,39,3.1269,5.367398,8,14,14,0,,0.0,3040,1790,0,57.3611,5.2528,1
1786361699782,10915,10930,10930,15,3.2127,5.372314,8,14,14,0,,0.0,2229,1968,0,57.4109,5.2526,1
1786361717680,10915,10940,10940,25,3.2056,5.377229,8,14,14,0,,0.0,1790,1968,0,57.4509,5.2515,1
1786361735181,10915,10950,10950,35,3.1753,5.382144,8,14,14,0,,0.0,1750,1968,0,57.49,5.2502,1
1786361752652,10915,10960,10960,45,3.175,5.387059,8,14,14,0,,0.0,1747,1968,0,57.5291,5.249,1
1786361783496,10915,10970,10970,55,3.1723,5.391974,8,14,14,0,,0.0,3084,1968,0,57.5981,5.2505,1
1786361806633,10968,10980,10980,12,3.1525,5.39689,8,14,14,0,,0.0,2314,1790,0,57.6498,5.2504,1
1786361824303,10968,10990,10990,22,3.1729,5.401805,8,14,14,0,,0.0,1767,1771,0,57.6893,5.2493,1
1786361841804,10968,11000,11000,32,3.1835,5.40672,8,14,14,0,,0.0,1750,1767,0,57.7284,5.248,1
1786361859390,10968,11010,11010,42,3.174,5.411635,8,14,14,0,,0.0,1759,1767,0,57.7677,5.2468,1
1786361887579,10968,11020,11020,52,3.1928,5.41655,8,14,14,0,,0.0,2819,1763,0,57.8307,5.2478,1
1786361910888,11019,11030,11030,11,3.1924,5.421466,8,14,14,0,,0.0,2331,1761,0,57.8828,5.2478,1
1786361928463,11019,11040,11040,21,3.1962,5.426381,8,14,14,0,,0.0,1758,1759,0,57.9221,5.2466,1
1786361945920,11019,11050,11050,31,3.2006,5.431296,8,14,14,0,,0.0,1746,1758,0,57.9612,5.2454,1
1786361963356,11019,11060,11060,41,3.1791,5.436211,8,14,14,0,,0.0,1744,1759,0,58.0001,5.2441,1
1786361980971,11019,11070,11070,51,3.1976,5.441126,8,14,14,0,,0.0,1761,1761,0,58.0395,5.243,1
1786362015010,11071,11080,11080,9,3.2298,5.446042,8,14,14,0,,0.0,3404,1759,0,58.1156,5.2451,1
1786362032718,11071,11090,11090,19,3.158,5.450957,8,14,14,0,,0.0,1771,1759,0,58.1552,5.2439,1
1786362050187,11071,11100,11100,29,3.2212,5.455872,8,14,14,0,,0.0,1747,1758,0,58.1943,5.2427,1
1786362117236,11101,11110,11110,9,3.1793,5.460787,8,14,14,0,,0.0,6705,1759,0,58.3441,5.2515,1
1786362134821,11101,11120,11120,19,3.1752,5.465702,8,14,14,0,,0.0,1758,1761,0,58.3835,5.2503,1
1786362152368,11101,11130,11130,29,3.1726,5.470618,8,14,14,0,,0.0,1755,1759,0,58.4227,5.2491,1
1786362170001,11101,11140,11140,39,3.1715,5.475533,8,14,14,0,,0.0,1763,1758,0,58.4621,5.2479,1
1786362187514,11101,11150,11150,49,3.1759,5.480448,8,14,14,0,,0.0,1751,1758,0,58.5013,5.2467,1
1786362221742,11152,11160,11160,8,3.1451,5.485363,8,14,14,0,,0.0,3423,1758,0,58.5778,5.2489,1
1786362239243,11152,11170,11170,18,3.1754,5.490278,8,14,14,0,,0.0,1750,1758,0,58.6169,5.2477,1
1786362256752,11152,11180,11180,28,3.1975,5.495194,8,14,14,0,,0.0,1751,1758,0,58.656,5.2465,1
1786362274278,11152,11190,11190,38,3.1623,5.500109,8,14,14,0,,0.0,1753,1758,0,58.6952,5.2453,1
1786362291745,11152,11200,11200,48,3.1837,5.505024,8,14,14,0,,0.0,1747,1756,0,58.7343,5.2441,1
1786362324959,11203,11210,11210,7,3.1874,5.509939,8,14,14,0,,0.0,3321,1758,0,58.8085,5.2461,1
1786362342932,11203,11220,11220,17,3.1636,5.514854,8,14,14,0,,0.0,1797,1761,0,58.8487,5.245,1
1786362360466,11203,11230,11230,27,3.1557,5.51977,8,14,14,0,,0.0,1753,1763,0,58.8879,5.2438,1
1786362378163,11203,11240,11240,37,3.1685,5.524685,8,14,14,0,,0.0,1770,1758,0,58.9275,5.2427,1
1786362395674,11203,11250,11250,47,3.1893,5.5296,8,14,14,0,,0.0,1751,1756,0,58.9666,5.2415,1
1786362424639,11203,11260,11260,57,3.146,5.534515,8,14,14,0,,0.0,2897,1758,0,59.0314,5.2426,1
1786362447116,11254,11270,11270,16,3.1851,5.53943,8,14,14,0,,0.0,2248,1758,0,59.0816,5.2424,1
1786362464679,11254,11280,11280,26,3.2002,5.544346,8,14,14,0,,0.0,1756,1757,0,59.1209,5.2412,1
1786362482219,11254,11290,11290,36,3.1487,5.549261,8,14,14,0,,0.0,1754,1757,0,59.1601,5.24,1
1786362499715,11254,11300,11300,46,3.1794,5.554176,8,14,14,0,,0.0,1750,1757,0,59.1992,5.2389,1
1786362528225,11254,11310,11310,56,3.1729,5.559091,8,14,14,0,,0.0,2851,1757,0,59.2629,5.2399,1
1786362550586,11307,11320,11320,13,3.1517,5.564006,8,14,14,0,,0.0,2236,1757,0,59.3129,5.2397,1
1786362568289,11307,11330,11330,23,3.1717,5.568922,8,14,14,0,,0.0,1770,1757,0,59.3525,5.2385,1
1786362585818,11307,11340,11340,33,3.1701,5.573837,8,14,14,0,,0.0,1753,1757,0,59.3917,5.2374,1
1786362603296,11307,11350,11350,43,3.177,5.578752,8,14,14,0,,0.0,1748,1757,0,59.4308,5.2362,1
1786362631688,11307,11360,11360,53,3.1921,5.583667,8,14,14,0,,0.0,2839,1770,0,59.4942,5.2372,1
1786362654860,11359,11370,11370,11,3.1493,5.588582,8,14,14,0,,0.0,2317,1770,0,59.546,5.2371,1
1786362672768,11359,11380,11380,21,3.1868,5.593498,8,14,14,0,,0.0,1791,1757,0,59.5861,5.236,1
1786362690252,11359,11390,11390,31,3.1665,5.598413,8,14,14,0,,0.0,1748,1757,0,59.6252,5.2349,1
1786362707689,11359,11400,11400,41,3.1855,5.603328,8,14,14,0,,0.0,1744,1757,0,59.6641,5.2337,1
1786362773710,11400,11410,11410,10,3.1337,5.608243,8,14,14,0,,0.0,6602,1757,0,59.8117,5.242,1
1786362791416,11400,11420,11420,20,3.1725,5.613158,8,14,14,0,,0.0,1771,1757,0,59.8513,5.2409,1
1786362808983,11400,11430,11430,30,3.1785,5.618074,8,14,14,0,,0.0,1757,1757,0,59.8906,5.2398,1
1786362826550,11400,11440,11440,40,3.1472,5.622989,8,14,14,0,,0.0,1757,1758,0,59.9299,5.2386,1
1786362844071,11400,11450,11450,50,3.1635,5.627904,8,14,14,0,,0.0,1752,1758,0,59.969,5.2375,1
1786362877795,11452,11460,11460,8,3.1494,5.632819,8,14,14,0,,0.0,3372,1758,0,60.0444,5.2395,1
1786362895646,11452,11470,11470,18,3.1837,5.637734,8,14,14,0,,0.0,1785,1758,0,60.0843,5.2384,1
1786362913174,11452,11480,11480,28,3.2018,5.64265,8,14,14,0,,0.0,1753,1758,0,60.1235,5.2372,1
1786362930694,11452,11490,11490,38,3.1527,5.647565,8,14,14,0,,0.0,1752,1757,0,60.1627,5.2361,1
1786362948183,11452,11500,11500,48,3.1853,5.65248,8,14,14,0,,0.0,1749,1757,0,60.2018,5.2349,1
1786362977064,11452,11510,11510,58,3.1782,5.657395,8,14,14,0,,0.0,2888,1758,0,60.2663,5.236,1
1786362999316,11504,11520,11520,16,3.1918,5.66231,8,14,14,0,,0.0,2225,1758,0,60.3161,5.2358,1
1786363016834,11504,11530,11530,26,3.1953,5.667226,8,14,14,0,,0.0,1752,1757,0,60.3552,5.2346,1
1786363034298,11504,11540,11540,36,3.1662,5.672141,8,14,14,0,,0.0,1746,1757,0,60.3943,5.2335,1
1786363051752,11504,11550,11550,46,3.1855,5.677056,8,14,14,0,,0.0,1745,1757,0,60.4333,5.2323,1
1786363080244,11504,11560,11560,56,3.1492,5.681971,8,14,14,0,,0.0,2849,1757,0,60.497,5.2333,1
1786363102850,11558,11570,11570,12,3.1825,5.686886,8,14,14,0,,0.0,2261,1757,0,60.5475,5.2331,1
1786363120672,11558,11580,11580,22,3.1443,5.691802,8,14,14,0,,0.0,1782,1757,0,60.5874,5.2321,1
1786363138252,11558,11590,11590,32,3.2047,5.696717,8,14,14,0,,0.0,1758,1756,0,60.6267,5.2309,1
1786363155715,11558,11600,11600,42,3.1833,5.701632,8,14,14,0,,0.0,1746,1756,0,60.6657,5.2298,1
1786363173166,11558,11610,11610,52,3.1766,5.706547,8,14,14,0,,0.0,1745,1756,0,60.7047,5.2287,1
1786363207605,11611,11620,11620,9,3.1282,5.711462,8,14,14,0,,0.0,3444,1756,0,60.7817,5.2308,1
1786363225363,11611,11630,11630,19,3.1848,5.716378,8,14,14,0,,0.0,1776,1756,0,60.8214,5.2297,1
1786363242912,11611,11640,11640,29,3.1664,5.721293,8,14,14,0,,0.0,1755,1756,0,60.8607,5.2286,1
1786363260374,11611,11650,11650,39,3.2034,5.726208,8,14,14,0,,0.0,1746,1756,0,60.8997,5.2274,1
1786363278025,11611,11660,11660,49,3.1688,5.731123,8,14,14,0,,0.0,1765,1758,0,60.9392,5.2263,1
1786363313966,11663,11670,11670,7,3.2057,5.736038,8,14,14,0,,0.0,3594,1758,0,61.0195,5.2287,1
1786363331519,11663,11680,11680,17,3.1692,5.740954,8,14,14,0,,0.0,1755,1756,0,61.0587,5.2276,1
1786363349016,11663,11690,11690,27,3.1551,5.745869,8,14,14,0,,0.0,1750,1756,0,61.0979,5.2265,1
1786363366497,11663,11700,11700,37,3.1807,5.750784,8,14,14,0,,0.0,1748,1756,0,61.1369,5.2254,1
1786363433718,11700,11710,11710,10,3.1565,5.755699,8,14,14,0,,0.0,6722,1758,0,61.2872,5.2338,1
1786363451565,11700,11720,11720,20,3.1473,5.760614,8,14,14,0,,0.0,1785,1758,0,61.3271,5.2327,1
1786363469127,11700,11730,11730,30,3.1765,5.76553,8,14,14,0,,0.0,1756,1757,0,61.3664,5.2316,1
1786363486688,11700,11740,11740,40,3.1541,5.770445,8,14,14,0,,0.0,1756,1756,0,61.4056,5.2305,1
1786363504196,11700,11750,11750,50,3.2,5.77536,8,14,14,0,,0.0,1751,1756,0,61.4448,5.2293,1
1786363538153,11752,11760,11760,8,3.1245,5.780275,8,14,14,0,,0.0,3396,1756,0,61.5207,5.2314,1
1786363556113,11752,11770,11770,18,3.1787,5.78519,8,14,14,0,,0.0,1796,1757,0,61.5608,5.2303,1
1786363573972,11752,11780,11780,28,3.1828,5.790106,8,14,14,0,,0.0,1786,1757,0,61.6008,5.2293,1
1786363591494,11752,11790,11790,38,3.1843,5.795021,8,14,14,0,,0.0,1752,1756,0,61.6399,5.2282,1
1786363608989,11752,11800,11800,48,3.1685,5.799936,8,14,14,0,,0.0,1749,1756,0,61.679,5.227,1
1786363638781,11804,11810,11810,6,3.1891,5.804851,8,14,14,0,,0.0,2979,1757,0,61.7456,5.2283,1
1786363660714,11804,11820,11820,16,3.1791,5.809766,8,14,14,0,,0.0,2193,1757,0,61.7947,5.228,1
1786363678225,11804,11830,11830,26,3.1752,5.814682,8,14,14,0,,0.0,1751,1756,0,61.8338,5.2269,1
1786363695710,11804,11840,11840,36,3.1211,5.819597,8,14,14,0,,0.0,1749,1756,0,61.8729,5.2258,1
1786363713205,11804,11850,11850,46,3.1881,5.824512,8,14,14,0,,0.0,1749,1756,0,61.912,5.2246,1
1786363742042,11804,11860,11860,56,3.1549,5.829427,8,14,14,0,,0.0,2884,1757,0,61.9765,5.2257,1
1786363764174,11855,11870,11870,15,3.1433,5.834342,8,14,14,0,,0.0,2213,1757,0,62.026,5.2254,1
1786363781740,11855,11880,11880,25,3.1578,5.839258,8,14,14,0,,0.0,1757,1756,0,62.0652,5.2243,1
1786363799206,11855,11890,11890,35,3.1645,5.844173,8,14,14,0,,0.0,1747,1756,0,62.1043,5.2232,1
1786363816687,11855,11900,11900,45,3.1649,5.849088,8,14,14,0,,0.0,1748,1757,0,62.1434,5.2221,1
1786363847566,11855,11910,11910,55,3.1956,5.854003,8,14,14,0,,0.0,3088,1761,0,62.2124,5.2235,1
1786363869707,11907,11920,11920,13,3.1358,5.858918,8,14,14,0,,0.0,2214,1761,0,62.2619,5.2233,1
1786363887417,11907,11930,11930,23,3.2046,5.863834,8,14,14,0,,0.0,1771,1757,0,62.3015,5.2223,1
1786363904907,11907,11940,11940,33,3.1713,5.868749,8,14,14,0,,0.0,1749,1757,0,62.3406,5.2212,1
1786363922397,11907,11950,11950,43,3.1668,5.873664,8,14,14,0,,0.0,1749,1757,0,62.3797,5.2201,1
1786363951070,11907,11960,11960,53,3.1877,5.878579,8,14,14,0,,0.0,2867,1757,0,62.4438,5.2211,1
1786363974265,11959,11970,11970,11,3.1782,5.883494,8,14,14,0,,0.0,2319,1757,0,62.4956,5.221,1
1786363991766,11959,11980,11980,21,3.1505,5.88841,8,14,14,0,,0.0,1750,1757,0,62.5348,5.2199,1
1786364009296,11959,11990,11990,31,3.1276,5.893325,8,14,14,0,,0.0,1753,1757,0,62.574,5.2188,1
1786364026802,11959,12000,12000,41,3.1814,5.89824,8,14,14,0,,0.0,1751,1757,0,62.6131,5.2178,1
1786364097746,12000,12010,12010,10,3.1713,5.903155,8,14,14,0,,0.0,7094,1757,0,62.7717,5.2266,1
1786364115382,12000,12020,12020,20,3.1266,5.90807,8,14,14,0,,0.0,1764,1757,0,62.8111,5.2256,1
1786364132945,12000,12030,12030,30,3.1536,5.912986,8,14,14,0,,0.0,1756,1757,0,62.8504,5.2245,1
1786364150449,12000,12040,12040,40,3.1885,5.917901,8,14,14,0,,0.0,1750,1761,0,62.8895,5.2234,1
1786364168055,12000,12050,12050,50,3.1697,5.922816,8,14,14,0,,0.0,1761,1761,0,62.9289,5.2223,1
1786364200271,12053,12060,12060,7,3.1608,5.927731,8,14,14,0,,0.0,3222,1764,0,63.0009,5.224,1
1786364219336,12053,12070,12070,17,3.1678,5.932646,8,14,14,0,,0.0,1906,1764,0,63.0435,5.2232,1
1786364236909,12053,12080,12080,27,3.185,5.937562,8,14,14,0,,0.0,1757,1762,0,63.0828,5.2221,1
1786364254401,12053,12090,12090,37,3.175,5.942477,8,14,14,0,,0.0,1749,1761,0,63.1219,5.221,1
1786364271879,12053,12100,12100,47,3.1259,5.947392,8,14,14,0,,0.0,1748,1761,0,63.161,5.2199,1
1786364301286,12053,12110,12110,57,3.1615,5.952307,8,14,14,0,,0.0,2941,1762,0,63.2267,5.221,1
1786364323412,12104,12120,12120,16,3.1502,5.957222,8,14,14,0,,0.0,2213,1762,0,63.2762,5.2208,1
1786364340945,12104,12130,12130,26,3.1609,5.962138,8,14,14,0,,0.0,1753,1761,0,63.3154,5.2197,1
1786364358444,12104,12140,12140,36,3.1225,5.967053,8,14,14,0,,0.0,1750,1761,0,63.3545,5.2187,1
1786364375975,12104,12150,12150,46,3.1631,5.971968,8,14,14,0,,0.0,1753,1761,0,63.3937,5.2176,1
1786364405171,12104,12160,12160,56,3.1861,5.976883,8,14,14,0,,0.0,2920,1762,0,63.459,5.2187,1
1786364427409,12156,12170,12170,14,3.1722,5.981798,8,14,14,0,,0.0,2224,1762,0,63.5087,5.2185,1
1786364445257,12156,12180,12180,24,3.1728,5.986714,8,14,14,0,,0.0,1785,1761,0,63.5486,5.2175,1
1786364463042,12156,12190,12190,34,3.176,5.991629,8,14,14,0,,0.0,1779,1761,0,63.5883,5.2164,1
1786364480517,12156,12200,12200,44,3.1597,5.996544,8,14,14,0,,0.0,1748,1761,0,63.6274,5.2154,1
1786364509597,12156,12210,12210,54,3.1743,6.001459,8,14,14,0,,0.0,2908,1762,0,63.6924,5.2164,1
1786364532124,12208,12220,12220,12,3.1694,6.006374,8,14,14,0,,0.0,2253,1762,0,63.7428,5.2163,1
1786364549743,12208,12230,12230,22,3.1487,6.01129,8,14,14,0,,0.0,1762,1757,0,63.7821,5.2152,1
1786364567225,12208,12240,12240,32,3.1674,6.016205,8,14,14,0,,0.0,1748,1753,0,63.8212,5.2142,1
1786364584701,12208,12250,12250,42,3.1563,6.02112,8,14,14,0,,0.0,1748,1754,0,63.8603,5.2131,1
1786364612964,12208,12260,12260,52,3.1602,6.026035,8,14,14,0,,0.0,2826,1762,0,63.9235,5.214,1
1786364636158,12259,12270,12270,11,3.1641,6.03095,8,14,14,0,,0.0,2319,1762,0,63.9753,5.214,1
1786364653689,12259,12280,12280,21,3.1606,6.035866,8,14,14,0,,0.0,1753,1762,0,64.0145,5.2129,1
1786364671181,12259,12290,12290,31,3.1489,6.040781,8,14,14,0,,0.0,1749,1766,0,64.0536,5.2118,1
1786364688634,12259,12300,12300,41,3.1723,6.045696,8,14,14,0,,0.0,1745,1773,0,64.0926,5.2108,1
1786364754821,12300,12310,12310,10,3.1553,6.050611,8,14,14,0,,0.0,6619,1779,0,64.2406,5.2186,1
1786364772483,12300,12320,12320,20,3.1654,6.055526,8,14,14,0,,0.0,1766,1779,0,64.2801,5.2175,1
1786364790017,12300,12330,12330,30,3.1529,6.060442,8,14,14,0,,0.0,1753,1779,0,64.3193,5.2165,1
1786364807549,12300,12340,12340,40,3.1942,6.065357,8,14,14,0,,0.0,1753,1779,0,64.3585,5.2154,1
1786364825080,12300,12350,12350,50,3.154,6.070272,8,14,14,0,,0.0,1753,1773,0,64.3977,5.2144,1
1786364858574,12352,12360,12360,8,3.1705,6.075187,8,14,14,0,,0.0,3349,1773,0,64.4726,5.2162,1
1786364876308,12352,12370,12370,18,3.1427,6.080102,8,14,14,0,,0.0,1773,1773,0,64.5122,5.2152,1
1786364893785,12352,12380,12380,28,3.1569,6.085018,8,14,14,0,,0.0,1748,1773,0,64.5513,5.2142,1
1786364911312,12352,12390,12390,38,3.1649,6.089933,8,14,14,0,,0.0,1753,1776,0,64.5905,5.2131,1
1786364928857,12352,12400,12400,48,3.1667,6.094848,8,14,14,0,,0.0,1754,1776,0,64.6297,5.2121,1
1786364962435,12403,12410,12410,7,3.1874,6.099763,8,14,14,0,,0.0,3358,1776,0,64.7047,5.2139,1
1786365001994,12403,12410,12410,7,3.1537,6.099763,7,15,14,1,12410,0.0,2095,1773,0,64.786,5.2205,1
1786365021904,12403,12420,12420,17,3.1503,6.104678,7,15,14,1,12420,0.0,1991,1773,0,64.8305,5.2198,1
1786365041823,12403,12430,12430,27,3.1947,6.109594,7,15,14,1,12430,0.0,1992,1773,0,64.875,5.2192,1
1786365078777,12433,12440,12440,7,3.1345,6.114509,7,15,14,1,12440,0.0,3695,1773,0,64.9576,5.2217,1
1786365099077,12433,12450,12450,17,3.1676,6.119424,7,15,14,1,12450,0.0,2030,1773,0,65.003,5.2211,1
1786365119148,12433,12460,12460,27,3.1624,6.124339,7,15,14,1,12460,0.0,2007,1766,0,65.0479,5.2205,1
1786365139248,12433,12470,12470,37,3.1572,6.129254,7,15,14,1,12470,0.0,2010,1773,0,65.0928,5.22,1
1786365188970,12433,12440,12470,7,3.1519,6.114509,8,15,15,0,,0.0,1994,1776,0,65.204,5.2415,1
1786365206249,12433,12450,12470,17,3.1564,6.119424,8,15,15,0,,0.0,1728,1776,0,65.2426,5.2404,1
1786365223503,12433,12460,12470,27,3.1853,6.124339,8,15,15,0,,0.0,1725,1832,0,65.2812,5.2393,1
1786365253222,12433,12470,12470,37,3.1489,6.129254,8,15,15,0,,0.0,2972,1832,0,65.3476,5.2404,1
1786365275698,12467,12480,12480,13,3.1756,6.13417,8,15,15,0,,0.0,2248,1832,0,65.3978,5.2402,1
1786365293462,12467,12490,12490,23,3.1545,6.139085,8,15,15,0,,0.0,1776,1832,0,65.4376,5.2392,1
1786365311078,12467,12500,12500,33,3.1629,6.144,8,15,15,0,,0.0,1762,1832,0,65.4769,5.2382,1
1786365328488,12467,12510,12510,43,3.1646,6.148915,8,15,15,0,,0.0,1741,1885,0,65.5159,5.2371,1
1786365345973,12467,12520,12520,53,3.1515,6.15383,8,15,15,0,,0.0,1748,1885,0,65.5549,5.236,1
1786365381215,12521,12530,12530,9,3.1705,6.158746,8,15,15,0,,0.0,3524,1832,0,65.6337,5.2381,1
1786365398755,12521,12540,12540,19,3.1775,6.163661,8,15,15,0,,0.0,1754,1776,0,65.6729,5.2371,1
1786365416213,12521,12550,12550,29,3.1934,6.168576,8,15,15,0,,0.0,1746,1762,0,65.712,5.236,1
1786365433665,12521,12560,12560,39,3.1548,6.173491,8,15,15,0,,0.0,1745,1762,0,65.751,5.235,1
1786365451113,12521,12570,12570,49,3.1618,6.178406,8,15,15,0,,0.0,1745,1762,0,65.79,5.2339,1
1786365484453,12573,12580,12580,7,3.1537,6.183322,8,15,15,0,,0.0,3334,1754,0,65.8645,5.2357,1
1786365502776,12573,12590,12590,17,3.1621,6.188237,8,15,15,0,,0.0,1832,1750,0,65.9055,5.2347,1
1786365520245,12573,12600,12600,27,3.1661,6.193152,8,15,15,0,,0.0,1747,1750,0,65.9445,5.2337,1
1786365585701,12603,12610,12610,7,3.1592,6.198067,8,15,15,0,,0.0,6546,1750,0,66.0909,5.2411,1
1786365604546,12603,12620,12620,17,3.1727,6.202982,8,15,15,0,,0.0,1885,1754,0,66.133,5.2403,1
1786365622028,12603,12630,12630,27,3.1902,6.207898,8,15,15,0,,0.0,1748,1754,0,66.1721,5.2393,1
1786365639473,12603,12640,12640,37,3.1474,6.212813,8,15,15,0,,0.0,1744,1754,0,66.2111,5.2382,1
1786365656953,12603,12650,12650,47,3.1403,6.217728,8,15,15,0,,0.0,1748,1750,0,66.2502,5.2372,1
1786365686238,12603,12660,12660,57,3.1399,6.222643,8,15,15,0,,0.0,2928,1750,0,66.3156,5.2382,1
1786365708772,12655,12670,12670,15,3.1563,6.227558,8,15,15,0,,0.0,2253,1754,0,66.366,5.238,1
1786365726187,12655,12680,12680,25,3.1468,6.232474,8,15,15,0,,0.0,1741,1756,0,66.4049,5.237,1
1786365743654,12655,12690,12690,35,3.1646,6.237389,8,15,15,0,,0.0,1747,1754,0,66.444,5.2359,1
1786365761153,12655,12700,12700,45,3.1575,6.242304,8,15,15,0,,0.0,1750,1751,0,66.4831,5.2349,1
1786365790227,12655,12710,12710,55,3.1282,6.247219,8,15,15,0,,0.0,2907,1751,0,66.5481,5.2359,1
1786365812415,12706,12720,12720,14,3.1734,6.252134,8,15,15,0,,0.0,2219,1756,0,66.5977,5.2357,1
1786365829914,12706,12730,12730,24,3.186,6.25705,8,15,15,0,,0.0,1750,1768,0,66.6368,5.2346,1
1786365847356,12706,12740,12740,34,3.1603,6.261965,8,15,15,0,,0.0,1744,1756,0,66.6758,5.2336,1
1786365864780,12706,12750,12750,44,3.1551,6.26688,8,15,15,0,,0.0,1742,1751,0,66.7148,5.2325,1
1786365893067,12706,12760,12760,54,3.1685,6.271795,8,15,15,0,,0.0,2829,1756,0,66.778,5.2334,1
1786365915742,12759,12770,12770,11,3.1653,6.27671,8,15,15,0,,0.0,2267,1756,0,66.8287,5.2333,1
1786365933498,12759,12780,12780,21,3.1541,6.281626,8,15,15,0,,0.0,1776,1751,0,66.8684,5.2323,1
1786365951178,12759,12790,12790,31,3.1842,6.286541,8,15,15,0,,0.0,1768,1751,0,66.9079,5.2313,1
1786365968635,12759,12800,12800,41,3.16,6.291456,8,15,15,0,,0.0,1746,1756,0,66.9469,5.2302,1
1786365986191,12759,12810,12810,51,3.1734,6.296371,8,15,15,0,,0.0,1756,1759,0,66.9862,5.2292,1
1786366019968,12810,12820,12820,10,3.1886,6.301286,8,15,15,0,,0.0,3378,1759,0,67.0617,5.231,1
1786366037715,12810,12830,12830,20,3.1846,6.306202,8,15,15,0,,0.0,1775,1756,0,67.1014,5.23,1
1786366055223,12810,12840,12840,30,3.1554,6.311117,8,15,15,0,,0.0,1751,1756,0,67.1405,5.229,1
1786366072672,12810,12850,12850,40,3.1495,6.316032,8,15,15,0,,0.0,1745,1756,0,67.1795,5.228,1
1786366090101,12810,12860,12860,50,3.1395,6.320947,8,15,15,0,,0.0,1743,1759,0,67.2185,5.2269,1
1786366124170,12861,12870,12870,9,3.1479,6.325862,8,15,15,0,,0.0,3407,1759,0,67.2946,5.2288,1
1786366141968,12861,12880,12880,19,3.1618,6.330778,8,15,15,0,,0.0,1780,1759,0,67.3344,5.2278,1
1786366159475,12861,12890,12890,29,3.1554,6.335693,8,15,15,0,,0.0,1751,1759,0,67.3736,5.2268,1
1786366176895,12861,12900,12900,39,3.1625,6.340608,8,15,15,0,,0.0,1742,1759,0,67.4125,5.2258,1
1786366243404,12900,12910,12910,10,3.1613,6.345523,8,15,15,0,,0.0,6651,1759,0,67.5612,5.2332,1
1786366261039,12900,12920,12920,20,3.1715,6.350438,8,15,15,0,,0.0,1763,1759,0,67.6006,5.2322,1
1786366278538,12900,12930,12930,30,3.1528,6.355354,8,15,15,0,,0.0,1750,1759,0,67.6397,5.2312,1
1786366296043,12900,12940,12940,40,3.1707,6.360269,8,15,15,0,,0.0,1750,1756,0,67.6789,5.2302,1
1786366313636,12900,12950,12950,50,3.1453,6.365184,8,15,15,0,,0.0,1759,1751,0,67.7182,5.2292,1
1786366347548,12951,12960,12960,9,3.1672,6.370099,8,15,15,0,,0.0,3391,1756,0,67.794,5.231,1
1786366365308,12951,12970,12970,19,3.1509,6.375014,8,15,15,0,,0.0,1776,1759,0,67.8337,5.23,1
1786366382769,12951,12980,12980,29,3.1276,6.37993,8,15,15,0,,0.0,1746,1751,0,67.8728,5.229,1
1786366400156,12951,12990,12990,39,3.159,6.384845,8,15,15,0,,0.0,1739,1751,0,67.9116,5.228,1
1786366417618,12951,13000,13000,49,3.1529,6.38976,8,15,15,0,,0.0,1746,1751,0,67.9507,5.227,1
1786366450985,13003,13010,13010,7,3.1448,6.394675,8,15,15,0,,0.0,3337,1755,0,68.0253,5.2287,1
1786366469086,13003,13020,13020,17,3.1387,6.39959,8,15,15,0,,0.0,1810,1759,0,68.0657,5.2278,1
1786366486678,13003,13030,13030,27,3.1795,6.404506,8,15,15,0,,0.0,1759,1759,0,68.1051,5.2268,1
1786366504146,13003,13040,13040,37,3.1764,6.409421,8,15,15,0,,0.0,1747,1759,0,68.1441,5.2258,1
1786366521569,13003,13050,13050,47,3.1575,6.414336,8,15,15,0,,0.0,1742,1759,0,68.1831,5.2248,1
1786366550549,13003,13060,13060,57,3.1456,6.419251,8,15,15,0,,0.0,2898,1759,0,68.2478,5.2257,1
1786366573306,13055,13070,13070,15,3.1215,6.424166,8,15,15,0,,0.0,2276,1759,0,68.2987,5.2256,1
1786366590744,13055,13080,13080,25,3.1902,6.429082,8,15,15,0,,0.0,1744,1759,0,68.3377,5.2246,1
1786366608180,13055,13090,13090,35,3.1728,6.433997,8,15,15,0,,0.0,1744,1759,0,68.3767,5.2236,1
1786366625639,13055,13100,13100,45,3.1195,6.438912,8,15,15,0,,0.0,1746,1759,0,68.4157,5.2226,1
1786366654846,13055,13110,13110,55,3.1552,6.443827,8,15,15,0,,0.0,2921,1759,0,68.481,5.2236,1
1786366677044,13106,13120,13120,14,3.1174,6.448742,8,15,15,0,,0.0,2220,1759,0,68.5306,5.2234,1
1786366694519,13106,13130,13130,24,3.1585,6.453658,8,15,15,0,,0.0,1748,1755,0,68.5697,5.2224,1
1786366712069,13106,13140,13140,34,3.1324,6.458573,8,15,15,0,,0.0,1755,1755,0,68.6089,5.2214,1
1786366729528,13106,13150,13150,44,3.1531,6.463488,8,15,15,0,,0.0,1746,1755,0,68.648,5.2204,1
1786366757822,13106,13160,13160,54,3.1798,6.468403,8,15,15,0,,0.0,2829,1759,0,68.7112,5.2212,1
1786366780068,13157,13170,13170,13,3.1889,6.473318,8,15,15,0,,0.0,2225,1759,0,68.7609,5.221,1
1786366797669,13157,13180,13180,23,3.1629,6.478234,8,15,15,0,,0.0,1760,1755,0,68.8003,5.2201,1
1786366815357,13157,13190,13190,33,3.1274,6.483149,8,15,15,0,,0.0,1769,1754,0,68.8398,5.2191,1
1786366832823,13157,13200,13200,43,3.1638,6.488064,8,15,15,0,,0.0,1747,1754,0,68.8789,5.2181,1
1786366899239,13200,13210,13210,10,3.109,6.492979,8,15,15,0,,0.0,6642,1755,0,69.0274,5.2254,1
1786366916891,13200,13220,13220,20,3.1492,6.497894,8,15,15,0,,0.0,1765,1755,0,69.0668,5.2244,1
1786366934423,13200,13230,13230,30,3.1653,6.50281,8,15,15,0,,0.0,1753,1755,0,69.106,5.2234,1
1786366951952,13200,13240,13240,40,3.1598,6.507725,8,15,15,0,,0.0,1753,1755,0,69.1452,5.2224,1
1786366969431,13200,13250,13250,50,3.1664,6.51264,8,15,15,0,,0.0,1748,1755,0,69.1843,5.2215,1
1786367003421,13252,13260,13260,8,3.1874,6.517555,8,15,15,0,,0.0,3399,1760,0,69.2603,5.2232,1
1786367021084,13252,13270,13270,18,3.1609,6.52247,8,15,15,0,,0.0,1766,1760,0,69.2997,5.2223,1
1786367038622,13252,13280,13280,28,3.1392,6.527386,8,15,15,0,,0.0,1754,1760,0,69.339,5.2213,1
1786367056124,13252,13290,13290,38,3.128,6.532301,8,15,15,0,,0.0,1750,1760,0,69.3781,5.2203,1
1786367073631,13252,13300,13300,48,3.1599,6.537216,8,15,15,0,,0.0,1751,1760,0,69.4172,5.2193,1
1786367102856,13252,13310,13310,58,3.1831,6.542131,8,15,15,0,,0.0,2922,1764,0,69.4826,5.2203,1
1786367125222,13304,13320,13320,16,3.1525,6.547046,8,15,15,0,,0.0,2237,1764,0,69.5326,5.2202,1
1786367142742,13304,13330,13330,26,3.1769,6.551962,8,15,15,0,,0.0,1752,1760,0,69.5717,5.2192,1
1786367160226,13304,13340,13340,36,3.1467,6.556877,8,15,15,0,,0.0,1748,1754,0,69.6108,5.2182,1
1786367177663,13304,13350,13350,46,3.1528,6.561792,8,15,15,0,,0.0,1744,1754,0,69.6498,5.2172,1
1786367206728,13304,13360,13360,56,3.1667,6.566707,8,15,15,0,,0.0,2907,1754,0,69.7148,5.2182,1
1786367229248,13356,13370,13370,14,3.1365,6.571622,8,15,15,0,,0.0,2252,1754,0,69.7651,5.218,1
1786367247068,13356,13380,13380,24,3.149,6.576538,8,15,15,0,,0.0,1782,1754,0,69.8049,5.2171,1
1786367264518,13356,13390,13390,34,3.177,6.581453,8,15,15,0,,0.0,1745,1754,0,69.844,5.2161,1
1786367281979,13356,13400,13400,44,3.1457,6.586368,8,15,15,0,,0.0,1746,1754,0,69.883,5.2151,1
1786367310326,13356,13410,13410,54,3.1658,6.591283,8,15,15,0,,0.0,2835,1764,0,69.9464,5.216,1
1786367333254,13407,13420,13420,13,3.1698,6.596198,8,15,15,0,,0.0,2293,1754,0,69.9976,5.2159,1
1786367351059,13407,13430,13430,23,3.1749,6.601114,8,15,15,0,,0.0,1781,1754,0,70.0374,5.215,1
1786367368592,13407,13440,13440,33,3.1729,6.606029,8,15,15,0,,0.0,1753,1754,0,70.0766,5.214,1
1786367386051,13407,13450,13450,43,3.1693,6.610944,8,15,15,0,,0.0,1746,1754,0,70.1157,5.2131,1
1786367403693,13407,13460,13460,53,3.1417,6.615859,8,15,15,0,,0.0,1764,1764,0,70.1551,5.2121,1
1786367437191,13460,13470,13470,10,3.1141,6.620774,8,15,15,0,,0.0,3350,1754,0,70.23,5.2138,1
1786367454727,13460,13480,13480,20,3.1493,6.62569,8,15,15,0,,0.0,1754,1753,0,70.2692,5.2128,1
1786367472145,13460,13490,13490,30,3.1392,6.630605,8,15,15,0,,0.0,1742,1753,0,70.3081,5.2119,1
1786367489613,13460,13500,13500,40,3.1428,6.63552,8,15,15,0,,0.0,1747,1753,0,70.3472,5.2109,1
1786367561086,13500,13510,13510,10,3.1562,6.640435,8,15,15,0,,0.0,7147,1754,0,70.507,5.2189,1
1786367578885,13500,13520,13520,20,3.1563,6.64535,8,15,15,0,,0.0,1780,1754,0,70.5467,5.218,1
1786367596364,13500,13530,13530,30,3.1625,6.650266,8,15,15,0,,0.0,1748,1754,0,70.5858,5.217,1
1786367613856,13500,13540,13540,40,3.1632,6.655181,8,15,15,0,,0.0,1749,1753,0,70.6249,5.216,1
1786367631652,13500,13550,13550,50,3.1649,6.660096,8,15,15,0,,0.0,1780,1753,0,70.6647,5.2151,1
1786367665051,13550,13560,13560,10,3.1697,6.665011,8,15,15,0,,0.0,3340,1754,0,70.7394,5.2168,1
1786367682562,13550,13570,13570,20,3.1739,6.669926,8,15,15,0,,0.0,1751,1754,0,70.7785,5.2158,1
1786367700033,13550,13580,13580,30,3.137,6.674842,8,15,15,0,,0.0,1747,1753,0,70.8176,5.2148,1
1786367717704,13550,13590,13590,40,3.1433,6.679757,8,15,15,0,,0.0,1767,1751,0,70.8571,5.2139,1
1786367735165,13550,13600,13600,50,3.1652,6.684672,8,15,15,0,,0.0,1746,1751,0,70.8961,5.2129,1
1786367769513,13602,13610,13610,8,3.1631,6.689587,8,15,15,0,,0.0,3435,1751,0,70.9729,5.2148,1
1786367786987,13602,13620,13620,18,3.1819,6.694502,8,15,15,0,,0.0,1747,1751,0,71.012,5.2138,1
1786367804454,13602,13630,13630,28,3.1192,6.699418,8,15,15,0,,0.0,1747,1751,0,71.051,5.2128,1
1786367821963,13602,13640,13640,38,3.144,6.704333,8,15,15,0,,0.0,1751,1751,0,71.0902,5.2119,1
1786367839461,13602,13650,13650,48,3.1537,6.709248,8,15,15,0,,0.0,1750,1751,0,71.1293,5.2109,1
1786367871726,13653,13660,13660,7,3.1447,6.714163,8,15,15,0,,0.0,3226,1766,0,71.2014,5.2124,1
1786367890762,13653,13670,13670,17,3.1478,6.719078,8,15,15,0,,0.0,1904,1766,0,71.244,5.2117,1
1786367908537,13653,13680,13680,27,3.162,6.723994,8,15,15,0,,0.0,1778,1751,0,71.2837,5.2108,1
1786367925954,13653,13690,13690,37,3.1078,6.728909,8,15,15,0,,0.0,1742,1751,0,71.3226,5.2098,1
1786367943378,13653,13700,13700,47,3.1263,6.733824,8,15,15,0,,0.0,1742,1751,0,71.3616,5.2089,1
1786367972088,13653,13710,13710,57,3.1411,6.738739,8,15,15,0,,0.0,2871,1751,0,71.4258,5.2098,1
1786367994583,13705,13720,13720,15,3.1593,6.743654,8,15,15,0,,0.0,2249,1751,0,71.4761,5.2096,1
1786368012019,13705,13730,13730,25,3.1533,6.74857,8,15,15,0,,0.0,1744,1752,0,71.515,5.2087,1
1786368029439,13705,13740,13740,35,3.1712,6.753485,8,15,15,0,,0.0,1742,1755,0,71.554,5.2077,1
1786368046875,13705,13750,13750,45,3.1345,6.7584,8,15,15,0,,0.0,1744,1752,0,71.593,5.2068,1
1786368075761,13705,13760,13760,55,3.1672,6.763315,8,15,15,0,,0.0,2889,1755,0,71.6575,5.2077,1
1786368097566,13756,13770,13770,14,3.1623,6.76823,8,15,15,0,,0.0,2180,1755,0,71.7063,5.2074,1
1786368115229,13756,13780,13780,24,3.1321,6.773146,8,15,15,0,,0.0,1766,1755,0,71.7458,5.2065,1
1786368132898,13756,13790,13790,34,3.1543,6.778061,8,15,15,0,,0.0,1767,1755,0,71.7853,5.2056,1
1786368150356,13756,13800,13800,44,3.1391,6.782976,8,15,15,0,,0.0,1746,1755,0,71.8243,5.2047,1
1786368217022,13800,13810,13810,10,3.1438,6.787891,8,15,15,0,,0.0,6667,1766,0,71.9733,5.2117,1
1786368234963,13800,13820,13820,20,3.148,6.792806,8,15,15,0,,0.0,1794,1766,0,72.0134,5.2108,1
1786368252452,13800,13830,13830,30,3.134,6.797722,8,15,15,0,,0.0,1749,1755,0,72.0525,5.2099,1
1786368269959,13800,13840,13840,40,3.1594,6.802637,8,15,15,0,,0.0,1751,1755,0,72.0917,5.2089,1
1786368287460,13800,13850,13850,50,3.1818,6.807552,8,15,15,0,,0.0,1750,1766,0,72.1308,5.208,1
1786368321134,13852,13860,13860,8,3.1313,6.812467,8,15,15,0,,0.0,3367,1767,0,72.2061,5.2097,1
1786368338955,13852,13870,13870,18,3.1281,6.817382,8,15,15,0,,0.0,1782,1767,0,72.2459,5.2088,1
1786368356478,13852,13880,13880,28,3.1381,6.822298,8,15,15,0,,0.0,1752,1767,0,72.2851,5.2079,1
1786368374024,13852,13890,13890,38,3.1513,6.827213,8,15,15,0,,0.0,1755,1782,0,72.3243,5.2069,1
1786368391509,13852,13900,13900,48,3.1839,6.832128,8,15,15,0,,0.0,1748,1794,0,72.3634,5.206,1
1786368424074,13903,13910,13910,7,3.1625,6.837043,8,15,15,0,,0.0,3257,1920,0,72.4362,5.2075,1
1786368443279,13903,13920,13920,17,3.1498,6.841958,8,15,15,0,,0.0,1920,1920,0,72.4791,5.2068,1
1786368460713,13903,13930,13930,27,3.1518,6.846874,8,15,15,0,,0.0,1743,1920,0,72.5181,5.2059,1
1786368478214,13903,13940,13940,37,3.1574,6.851789,8,15,15,0,,0.0,1750,1920,0,72.5572,5.205,1
1786368495690,13903,13950,13950,47,3.1329,6.856704,8,15,15,0,,0.0,1748,1920,0,72.5963,5.204,1
1786368524920,13903,13960,13960,57,3.1572,6.861619,8,15,15,0,,0.0,2923,2227,0,72.6617,5.205,1
1786368547194,13954,13970,13970,16,3.1435,6.866534,8,15,15,0,,0.0,2227,1920,0,72.7115,5.2048,1
1786368564680,13954,13980,13980,26,3.1308,6.87145,8,15,15,0,,0.0,1749,1920,0,72.7503,5.2039,1
1786368602710,13954,13960,13980,6,3.148,6.861619,6,15,15,1,13980,0.0,2394,1920,0,72.814,5.2159,1
1786368625203,13954,13970,13980,16,3.1468,6.866534,6,17,15,1,13980,0.0,2249,1920,0,72.8616,5.2156,1
1786368647695,13954,13980,13980,26,3.1584,6.87145,6,17,15,1,13980,0.0,2249,2227,0,72.9119,5.2154,1
1786368687047,13981,13990,13990,9,3.1889,6.876365,6,17,15,1,13990,0.0,3935,1920,0,72.9999,5.218,1
1786368710066,13981,14000,14000,19,3.1375,6.88128,6,17,15,1,14000,0.0,2302,1920,0,73.0514,5.218,1
1786368732739,13981,14010,14010,29,3.1564,6.886195,6,17,15,1,14010,0.0,2267,1920,0,73.102,5.2178,1
1786368755431,13981,14020,14020,39,3.1291,6.89111,6,17,15,1,14020,0.0,2269,1920,0,73.1528,5.2177,1
1786368797137,14021,14030,14030,9,3.1756,6.896026,6,17,15,1,14030,0.0,4171,2227,0,73.246,5.2207,1
1786368820213,14021,14040,14040,19,3.1678,6.900941,6,17,15,1,14040,0.0,2308,1920,0,73.2976,5.2206,1
1786368891319,14021,14030,14040,9,3.1571,6.896026,8,17,17,0,,0.0,2561,1790,0,73.4566,5.2357,1
1786368908909,14021,14040,14040,19,3.1372,6.900941,8,17,17,0,,0.0,1759,1790,0,73.4959,5.2347,1
1786368926444,14021,14050,14050,29,3.1284,6.905856,8,17,17,0,,0.0,1753,1790,0,73.5351,5.2338,1
1786368961576,14052,14060,14060,8,3.1574,6.910771,8,17,17,0,,0.0,3513,2227,0,73.6136,5.2357,1
1786368979323,14052,14070,14070,18,3.1354,6.915686,8,17,17,0,,0.0,1775,2205,0,73.6533,5.2348,1
1786368996891,14052,14080,14080,28,3.1436,6.920602,8,17,17,0,,0.0,1757,1790,0,73.6926,5.2338,1
1786369014486,14052,14090,14090,38,3.1515,6.925517,8,17,17,0,,0.0,1760,1790,0,73.7319,5.2329,1
1786369032030,14052,14100,14100,48,3.1326,6.930432,8,17,17,0,,0.0,1754,1775,0,73.7711,5.232,1
1786369100758,14100,14110,14110,10,3.1387,6.935347,8,17,17,0,,0.0,6873,1775,0,73.9248,5.2392,1
1786369118661,14100,14120,14120,20,3.1454,6.940262,8,17,17,0,,0.0,1790,1775,0,73.9648,5.2383,1
1786369136195,14100,14130,14130,30,3.1504,6.945178,8,17,17,0,,0.0,1753,1773,0,74.004,5.2374,1
1786369153777,14100,14140,14140,40,3.1555,6.950093,8,17,17,0,,0.0,1758,1771,0,74.0433,5.2364,1
1786369171364,14100,14150,14150,50,3.1115,6.955008,8,17,17,0,,0.0,1759,1771,0,74.0826,5.2355,1
1786369205370,14152,14160,14160,8,3.1105,6.959923,8,17,17,0,,0.0,3401,1771,0,74.1586,5.2372,1
1786369223081,14152,14170,14170,18,3.1185,6.964838,8,17,17,0,,0.0,1771,1771,0,74.1982,5.2363,1
1786369240645,14152,14180,14180,28,3.1326,6.969754,8,17,17,0,,0.0,1756,1770,0,74.2375,5.2354,1
1786369258125,14152,14190,14190,38,3.1488,6.974669,8,17,17,0,,0.0,1748,1766,0,74.2766,5.2344,1
1786369275648,14152,14200,14200,48,3.1248,6.979584,8,17,17,0,,0.0,1752,1766,0,74.3157,5.2335,1
1786369304609,14152,14210,14210,58,3.1454,6.984499,8,17,17,0,,0.0,2896,1770,0,74.3805,5.2344,1
1786369326663,14204,14220,14220,16,3.1507,6.989414,8,17,17,0,,0.0,2205,1770,0,74.4298,5.2342,1
1786369344229,14204,14230,14230,26,3.1347,6.99433,8,17,17,0,,0.0,1757,1770,0,74.4691,5.2332,1
1786369361925,14204,14240,14240,36,3.1626,6.999245,8,17,17,0,,0.0,1770,1770,0,74.5086,5.2323,1
1786369379461,14204,14250,14250,46,3.1907,7.00416,8,17,17,0,,0.0,1754,1770,0,74.5478,5.2314,1
1786369408635,14204,14260,14260,56,3.1501,7.009075,8,17,17,0,,0.0,2917,1771,0,74.613,5.2323,1
1786369430618,14256,14270,14270,14,3.1471,7.01399,8,17,17,0,,0.0,2198,1770,0,74.6622,5.2321,1
1786369448345,14256,14280,14280,24,3.1451,7.018906,8,17,17,0,,0.0,1773,1766,0,74.7018,5.2312,1
1786369465893,14256,14290,14290,34,3.1075,7.023821,8,17,17,0,,0.0,1755,1766,0,74.7411,5.2303,1
1786369483763,14256,14300,14300,44,3.153,7.028736,8,17,17,0,,0.0,1787,1766,0,74.781,5.2294,1
1786369512902,14256,14310,14310,54,3.1515,7.033651,8,17,17,0,,0.0,2914,1770,0,74.8461,5.2303,1
1786369535450,14308,14320,14320,12,3.1668,7.038566,8,17,17,0,,0.0,2255,1770,0,74.8965,5.2302,1
1786369553106,14308,14330,14330,22,3.1752,7.043482,8,17,17,0,,0.0,1766,1766,0,74.936,5.2293,1
1786369570625,14308,14340,14340,32,3.1159,7.048397,8,17,17,0,,0.0,1752,1766,0,74.9752,5.2284,1
1786369588146,14308,14350,14350,42,3.1163,7.053312,8,17,17,0,,0.0,1752,1766,0,75.0144,5.2275,1
1786369605941,14308,14360,14360,52,3.1581,7.058227,8,17,17,0,,0.0,1779,1770,0,75.0541,5.2266,1
1786369639766,14360,14370,14370,10,3.1409,7.063142,8,17,17,0,,0.0,3383,1770,0,75.1298,5.2282,1
1786369657515,14360,14380,14380,20,3.1599,7.068058,8,17,17,0,,0.0,1775,1766,0,75.1694,5.2274,1
1786369675050,14360,14390,14390,30,3.1249,7.072973,8,17,17,0,,0.0,1753,1770,0,75.2086,5.2265,1
1786369692595,14360,14400,14400,40,3.1457,7.077888,8,17,17,0,,0.0,1755,1766,0,75.2479,5.2255,1
1786369758861,14400,14410,14410,10,3.198,7.082803,8,17,17,0,,0.0,6627,1772,0,75.396,5.2322,1
1786369776477,14400,14420,14420,20,3.1615,7.087718,8,17,17,0,,0.0,1762,1772,0,75.4354,5.2313,1
1786369794063,14400,14430,14430,30,3.1491,7.092634,8,17,17,0,,0.0,1759,1766,0,75.4747,5.2304,1
1786369811681,14400,14440,14440,40,3.1317,7.097549,8,17,17,0,,0.0,1762,1762,0,75.5141,5.2295,1
1786369829234,14400,14450,14450,50,3.1485,7.102464,8,17,17,0,,0.0,1755,1762,0,75.5533,5.2286,1
1786369863162,14452,14460,14460,8,3.1488,7.107379,8,17,17,0,,0.0,3393,1762,0,75.6292,5.2302,1
1786369880878,14452,14470,14470,18,3.1276,7.112294,8,17,17,0,,0.0,1772,1762,0,75.6688,5.2294,1
1786369898403,14452,14480,14480,28,3.1333,7.11721,8,17,17,0,,0.0,1753,1762,0,75.708,5.2284,1
1786369915929,14452,14490,14490,38,3.1493,7.122125,8,17,17,0,,0.0,1753,1762,0,75.7471,5.2275,1
1786369933411,14452,14500,14500,48,3.1343,7.12704,8,17,17,0,,0.0,1748,1762,0,75.7862,5.2266,1
1786369963563,14504,14510,14510,6,3.1509,7.131955,8,17,17,0,,0.0,3015,1766,0,75.8536,5.2277,1
1786369985367,14504,14520,14520,16,3.136,7.13687,8,17,17,0,,0.0,2180,1766,0,75.9024,5.2274,1
1786370002866,14504,14530,14530,26,3.104,7.141786,8,17,17,0,,0.0,1750,1766,0,75.9415,5.2265,1
1786370020645,14504,14540,14540,36,3.1671,7.146701,8,17,17,0,,0.0,1778,1762,0,75.9812,5.2257,1
1786370038251,14504,14550,14550,46,3.1102,7.151616,8,17,17,0,,0.0,1761,1762,0,76.0206,5.2248,1
1786370067327,14504,14560,14560,56,3.1385,7.156531,8,17,17,0,,0.0,2908,1766,0,76.0856,5.2257,1
1786370089618,14555,14570,14570,15,3.1416,7.161446,8,17,17,0,,0.0,2229,1766,0,76.1354,5.2255,1
1786370107130,14555,14580,14580,25,3.1426,7.166362,8,17,17,0,,0.0,1751,1771,0,76.1746,5.2246,1
1786370124627,14555,14590,14590,35,3.1529,7.171277,8,17,17,0,,0.0,1750,1771,0,76.2137,5.2237,1
1786370142150,14555,14600,14600,45,3.1408,7.176192,8,17,17,0,,0.0,1752,1771,0,76.2529,5.2228,1
1786370171659,14555,14610,14610,55,3.164,7.181107,8,17,17,0,,0.0,2951,1772,0,76.3188,5.2237,1
1786370193779,14607,14620,14620,13,3.1631,7.186022,8,17,17,0,,0.0,2212,1772,0,76.3683,5.2235,1
1786370211727,14607,14630,14630,23,3.1462,7.190938,8,17,17,0,,0.0,1795,1771,0,76.4084,5.2227,1
1786370229292,14607,14640,14640,33,3.1342,7.195853,8,17,17,0,,0.0,1757,1771,0,76.4477,5.2218,1
1786370246952,14607,14650,14650,43,3.114,7.200768,8,17,17,0,,0.0,1766,1771,0,76.4872,5.221,1
1786370275317,14607,14660,14660,53,3.1507,7.205683,8,17,17,0,,0.0,2837,1778,0,76.5506,5.2217,1
1786370298006,14658,14670,14670,12,3.1757,7.210598,8,17,17,0,,0.0,2269,1778,0,76.6013,5.2216,1
1786370315825,14658,14680,14680,22,3.162,7.215514,8,17,17,0,,0.0,1782,1771,0,76.6411,5.2208,1
1786370333373,14658,14690,14690,32,3.1284,7.220429,8,17,17,0,,0.0,1755,1771,0,76.6804,5.2199,1
1786370350907,14658,14700,14700,42,3.128,7.225344,8,17,17,0,,0.0,1753,1767,0,76.7195,5.219,1
1786370418664,14700,14710,14710,10,3.1024,7.230259,8,17,17,0,,0.0,6776,1771,0,76.871,5.2258,1
1786370436627,14700,14720,14720,20,3.1336,7.235174,8,17,17,0,,0.0,1796,1771,0,76.9112,5.2249,1
1786370454336,14700,14730,14730,30,3.1339,7.24009,8,17,17,0,,0.0,1771,1767,0,76.9508,5.2241,1
1786370471922,14700,14740,14740,40,3.135,7.245005,8,17,17,0,,0.0,1759,1767,0,76.9901,5.2232,1
1786370489592,14700,14750,14750,50,3.1315,7.24992,8,17,17,0,,0.0,1767,1767,0,77.0296,5.2223,1
1786370522817,14751,14760,14760,9,3.1403,7.254835,8,17,17,0,,0.0,3323,1771,0,77.1039,5.2238,1
1786370540646,14751,14770,14770,19,3.1555,7.25975,8,17,17,0,,0.0,1783,1771,0,77.1437,5.223,1
1786370558194,14751,14780,14780,29,3.0907,7.264666,8,17,17,0,,0.0,1755,1771,0,77.183,5.2221,1
1786370575750,14751,14790,14790,39,3.1304,7.269581,8,17,17,0,,0.0,1756,1767,0,77.2222,5.2212,1
1786370593255,14751,14800,14800,49,3.1506,7.274496,8,17,17,0,,0.0,1750,1767,0,77.2613,5.2204,1
1786370626859,14803,14810,14810,7,3.14,7.279411,8,17,17,0,,0.0,3360,1771,0,77.3365,5.2219,1
1786370645112,14803,14820,14820,17,3.152,7.284326,8,17,17,0,,0.0,1825,1771,0,77.3773,5.2211,1
1786370662671,14803,14830,14830,27,3.1154,7.289242,8,17,17,0,,0.0,1756,1771,0,77.4165,5.2203,1
1786370680203,14803,14840,14840,37,3.1655,7.294157,8,17,17,0,,0.0,1753,1767,0,77.4557,5.2194,1
1786370697743,14803,14850,14850,47,3.1744,7.299072,8,17,17,0,,0.0,1754,1767,0,77.4949,5.2185,1
1786370726933,14803,14860,14860,57,3.1319,7.303987,8,17,17,0,,0.0,2919,1771,0,77.5602,5.2194,1
1786370749329,14855,14870,14870,15,3.1224,7.308902,8,17,17,0,,0.0,2240,1771,0,77.6102,5.2192,1
1786370766910,14855,14880,14880,25,3.1392,7.313818,8,17,17,0,,0.0,1758,1767,0,77.6495,5.2184,1
1786370784484,14855,14890,14890,35,3.13,7.318733,8,17,17,0,,0.0,1757,1764,0,77.6888,5.2175,1
1786370802006,14855,14900,14900,45,3.1651,7.323648,8,17,17,0,,0.0,1752,1764,0,77.728,5.2166,1
1786370830942,14855,14910,14910,55,3.1494,7.328563,8,17,17,0,,0.0,2894,1764,0,77.7927,5.2175,1
1786370853221,14907,14920,14920,13,3.1441,7.333478,8,17,17,0,,0.0,2228,1764,0,77.8425,5.2173,1
1786370871162,14907,14930,14930,23,3.1287,7.338394,8,17,17,0,,0.0,1794,1763,0,77.8826,5.2165,1
1786370888784,14907,14940,14940,33,3.155,7.343309,8,17,17,0,,0.0,1762,1763,0,77.922,5.2157,1
1786370906413,14907,14950,14950,43,3.1604,7.348224,8,17,17,0,,0.0,1763,1763,0,77.9614,5.2148,1
1786370935071,14907,14960,14960,53,3.1686,7.353139,8,17,17,0,,0.0,2866,1764,0,78.0255,5.2156,1
1786370957714,14958,14970,14970,12,3.125,7.358054,8,17,17,0,,0.0,2264,1764,0,78.0761,5.2155,1
1786370975530,14958,14980,14980,22,3.1325,7.36297,8,17,17,0,,0.0,1782,1763,0,78.1159,5.2147,1
1786370993172,14958,14990,14990,32,3.149,7.367885,8,17,17,0,,0.0,1764,1763,0,78.1554,5.2138,1
1786371010739,14958,15000,15000,42,3.1559,7.3728,8,17,17,0,,0.0,1757,1764,0,78.1946,5.213,1
1786371089382,15000,15010,15010,10,3.1385,7.377715,8,17,17,0,,0.0,7864,1774,0,78.3705,5.2212,1
1786371107265,15000,15020,15020,20,3.1186,7.38263,8,17,17,0,,0.0,1788,1774,0,78.4104,5.2204,1
1786371124811,15000,15030,15030,30,3.1134,7.387546,8,17,17,0,,0.0,1755,1764,0,78.4497,5.2195,1
1786371142419,15000,15040,15040,40,3.1094,7.392461,8,17,17,0,,0.0,1761,1764,0,78.489,5.2187,1
1786371160008,15000,15050,15050,50,3.1469,7.397376,8,17,17,0,,0.0,1759,1764,0,78.5283,5.2178,1
1786371193368,15051,15060,15060,9,3.1121,7.402291,8,17,17,0,,0.0,3336,1774,0,78.6029,5.2193,1
1786371211236,15051,15070,15070,19,3.1455,7.407206,8,17,17,0,,0.0,1787,1774,0,78.6429,5.2185,1
1786371228817,15051,15080,15080,29,3.1074,7.412122,8,17,17,0,,0.0,1758,1768,0,78.6822,5.2177,1
1786371246450,15051,15090,15090,39,3.1248,7.417037,8,17,17,0,,0.0,1763,1768,0,78.7216,5.2168,1
1786371264040,15051,15100,15100,49,3.1409,7.421952,8,17,17,0,,0.0,1759,1768,0,78.7609,5.216,1
1786371297186,15102,15110,15110,8,3.1324,7.426867,8,17,17,0,,0.0,3315,1774,0,78.835,5.2174,1
1786371315433,15102,15120,15120,18,3.1117,7.431782,8,17,17,0,,0.0,1825,1774,0,78.8758,5.2167,1
1786371333004,15102,15130,15130,28,3.1268,7.436698,8,17,17,0,,0.0,1757,1774,0,78.9151,5.2158,1
1786371350577,15102,15140,15140,38,3.1244,7.441613,8,17,17,0,,0.0,1757,1768,0,78.9544,5.215,1
1786371368316,15102,15150,15150,48,3.1118,7.446528,8,17,17,0,,0.0,1774,1768,0,78.994,5.2141,1
1786371397398,15102,15160,15160,58,3.1384,7.451443,8,17,17,0,,0.0,2908,1774,0,79.059,5.215,1
1786371420029,15154,15170,15170,16,3.1202,7.456358,8,17,17,0,,0.0,2263,1773,0,79.1096,5.2149,1
1786371437551,15154,15180,15180,26,3.1256,7.461274,8,17,17,0,,0.0,1752,1768,0,79.1488,5.214,1
1786371455100,15154,15190,15190,36,3.1345,7.466189,8,17,17,0,,0.0,1755,1768,0,79.188,5.2132,1
1786371472633,15154,15200,15200,46,3.162,7.471104,8,17,17,0,,0.0,1753,1768,0,79.2272,5.2123,1
1786371502245,15154,15210,15210,56,3.1277,7.476019,8,17,17,0,,0.0,2961,1773,0,79.2934,5.2132,1
1786371524302,15206,15220,15220,14,3.1445,7.480934,8,17,17,0,,0.0,2206,1772,0,79.3427,5.2131,1
1786371541981,15206,15230,15230,24,3.1257,7.48585,8,17,17,0,,0.0,1768,1768,0,79.3823,5.2122,1
1786371559719,15206,15240,15240,34,3.1166,7.490765,8,17,17,0,,0.0,1774,1768,0,79.4219,5.2114,1
1786371577306,15206,15250,15250,44,3.1427,7.49568,8,17,17,0,,0.0,1759,1768,0,79.4612,5.2106,1
1786371606115,15206,15260,15260,54,3.1409,7.500595,8,17,17,0,,0.0,2881,1772,0,79.5256,5.2114,1
1786371628205,15258,15270,15270,12,3.1214,7.50551,8,17,17,0,,0.0,2209,1772,0,79.575,5.2112,1
1786371646163,15258,15280,15280,22,3.179,7.510426,8,17,17,0,,0.0,1796,1768,0,79.6152,5.2104,1
1786371663696,15258,15290,15290,32,3.1297,7.515341,8,17,17,0,,0.0,1753,1768,0,79.6544,5.2096,1
1786371681272,15258,15300,15300,42,3.1313,7.520256,8,17,17,0,,0.0,1758,1768,0,79.6937,5.2087,1
1786371747488,15300,15310,15310,10,3.1301,7.525171,8,17,17,0,,0.0,6622,1768,0,79.8417,5.215,1
1786371765218,15300,15320,15320,20,3.1279,7.530086,8,17,17,0,,0.0,1773,1768,0,79.8813,5.2142,1
1786371782829,15300,15330,15330,30,3.131,7.535002,8,17,17,0,,0.0,1761,1767,0,79.9207,5.2134,1
1786371800466,15300,15340,15340,40,3.1338,7.539917,8,17,17,0,,0.0,1764,1767,0,79.9601,5.2125,1
1786371818134,15300,15350,15350,50,3.1259,7.544832,8,17,17,0,,0.0,1767,1767,0,79.9996,5.2117,1
1786371852126,15351,15360,15360,9,3.1363,7.549747,8,17,17,0,,0.0,3399,1768,0,80.0756,5.2133,1
1786371869846,15351,15370,15370,19,3.1182,7.554662,8,17,17,0,,0.0,1772,1768,0,80.1152,5.2124,1
1786371887418,15351,15380,15380,29,3.1505,7.559578,8,17,17,0,,0.0,1757,1768,0,80.1545,5.2116,1
1786371904940,15351,15390,15390,39,3.141,7.564493,8,17,17,0,,0.0,1752,1772,0,80.1937,5.2108,1
1786371922477,15351,15400,15400,49,3.1515,7.569408,8,17,17,0,,0.0,1754,1772,0,80.2329,5.2099,1
1786371956763,15402,15410,15410,8,3.1429,7.574323,8,17,17,0,,0.0,3429,1773,0,80.3095,5.2115,1
1786371974603,15402,15420,15420,18,3.1062,7.579238,8,17,17,0,,0.0,1784,1773,0,80.3494,5.2107,1
1786371992117,15402,15430,15430,28,3.1369,7.584154,8,17,17,0,,0.0,1751,1773,0,80.3886,5.2099,1
1786372009651,15402,15440,15440,38,3.1726,7.589069,8,17,17,0,,0.0,1753,1773,0,80.4278,5.2091,1
1786372027220,15402,15450,15450,48,3.1199,7.593984,8,17,17,0,,0.0,1757,1784,0,80.467,5.2082,1
1786372060020,15453,15460,15460,7,3.1306,7.598899,8,17,17,0,,0.0,3280,1867,0,80.5404,5.2096,1
1786372078694,15453,15470,15470,17,3.1238,7.603814,8,17,17,0,,0.0,1867,1784,0,80.5821,5.2089,1
1786372096280,15453,15480,15480,27,3.1537,7.60873,8,17,17,0,,0.0,1759,1784,0,80.6214,5.2081,1
1786372113856,15453,15490,15490,37,3.1273,7.613645,8,17,17,0,,0.0,1758,1867,0,80.6607,5.2073,1
1786372131490,15453,15500,15500,47,3.134,7.61856,8,17,17,0,,0.0,1763,1867,0,80.7001,5.2065,1
1786372160492,15453,15510,15510,57,3.1204,7.623475,8,17,17,0,,0.0,2900,1867,0,80.765,5.2073,1
1786372207958,15504,15510,15510,6,3.1384,7.623475,7,18,17,1,15510,0.0,2120,1784,0,80.864,5.2137,1
1786372227985,15504,15520,15520,16,3.1381,7.62839,7,18,17,1,15520,0.0,2003,1784,0,80.9087,5.2132,1
1786372248000,15504,15530,15530,26,3.1089,7.633306,7,18,17,1,15530,0.0,2002,1867,0,80.9535,5.2127,1
1786372282661,15534,15540,15540,6,3.162,7.638221,7,18,17,1,15540,0.0,3466,1867,0,81.031,5.2143,1
1786372305928,15534,15550,15550,16,3.1584,7.643136,7,18,17,1,15550,0.0,2327,1867,0,81.083,5.2143,1
1786372326126,15534,15560,15560,26,3.1327,7.648051,7,18,17,1,15560,0.0,2020,1791,0,81.1281,5.2139,1
1786372346346,15534,15570,15570,36,3.1501,7.652966,7,18,17,1,15570,0.0,2022,1791,0,81.1733,5.2134,1
1786372378693,15534,15580,15580,46,3.114,7.657882,7,18,17,1,15580,0.0,3235,1867,0,81.2456,5.2147,1
1786372405021,15579,15590,15590,11,3.1354,7.662797,7,18,17,1,15590,0.0,2633,2002,0,81.3045,5.2152,1
1786372460124,15579,15580,15590,1,3.1386,7.657882,8,18,18,0,,0.0,10637,2002,0,81.4277,5.2264,1
1786372477558,15579,15590,15590,11,3.1299,7.662797,8,18,18,0,,0.0,1743,1867,0,81.4667,5.2256,1
1786372494987,15579,15600,15600,21,3.1418,7.667712,8,18,18,0,,0.0,1743,1791,0,81.5056,5.2247,1
1786372562860,15600,15610,15610,10,3.1175,7.672627,8,18,18,0,,0.0,6787,2002,0,81.6574,5.2311,1
1786372580692,15600,15620,15620,20,3.1477,7.677542,8,18,18,0,,0.0,1783,2003,0,81.6972,5.2303,1
1786372598223,15600,15630,15630,30,3.1502,7.682458,8,18,18,0,,0.0,1753,2003,0,81.7364,5.2295,1
1786372615782,15600,15640,15640,40,3.1233,7.687373,8,18,18,0,,0.0,1756,2002,0,81.7757,5.2286,1
1786372633313,15600,15650,15650,50,3.1277,7.692288,8,18,18,0,,0.0,1753,1791,0,81.8149,5.2278,1
1786372669558,15652,15660,15660,8,3.1485,7.697203,8,18,18,0,,0.0,3624,1791,0,81.8959,5.2296,1
1786372687472,15652,15670,15670,18,3.1452,7.702118,8,18,18,0,,0.0,1791,1791,0,81.9359,5.2288,1
1786372705026,15652,15680,15680,28,3.1011,7.707034,8,18,18,0,,0.0,1755,1783,0,81.9752,5.228,1
1786372722538,15652,15690,15690,38,3.1585,7.711949,8,18,18,0,,0.0,1751,1764,0,82.0143,5.2272,1
1786372740023,15652,15700,15700,48,3.1113,7.716864,8,18,18,0,,0.0,1748,1761,0,82.0534,5.2263,1
1786372769282,15652,15710,15710,58,3.1363,7.721779,8,18,18,0,,0.0,2926,1761,0,82.1188,5.2272,1
1786372791378,15704,15720,15720,16,3.1571,7.726694,8,18,18,0,,0.0,2210,1761,0,82.1682,5.227,1
1786372808873,15704,15730,15730,26,3.1252,7.73161,8,18,18,0,,0.0,1750,1761,0,82.2073,5.2261,1
1786372826400,15704,15740,15740,36,3.1445,7.736525,8,18,18,0,,0.0,1753,1761,0,82.2465,5.2253,1
1786372843964,15704,15750,15750,46,3.1321,7.74144,8,18,18,0,,0.0,1756,1761,0,82.2858,5.2245,1
1786372873414,15704,15760,15760,56,3.1164,7.746355,8,18,18,0,,0.0,2945,1764,0,82.3516,5.2254,1
1786372895312,15756,15770,15770,14,3.157,7.75127,8,18,18,0,,0.0,2190,1764,0,82.4006,5.2251,1
1786372912925,15756,15780,15780,24,3.1054,7.756186,8,18,18,0,,0.0,1761,1761,0,82.4399,5.2243,1
1786372930442,15756,15790,15790,34,3.109,7.761101,8,18,18,0,,0.0,1752,1761,0,82.4791,5.2235,1
1786372947942,15756,15800,15800,44,3.1454,7.766016,8,18,18,0,,0.0,1750,1761,0,82.5182,5.2227,1
1786372976787,15756,15810,15810,54,3.1402,7.770931,8,18,18,0,,0.0,2884,1764,0,82.5827,5.2234,1
1786373000375,15808,15820,15820,12,3.1314,7.775846,8,18,18,0,,0.0,2359,1764,0,82.6354,5.2235,1
1786373018010,15808,15830,15830,22,3.1572,7.780762,8,18,18,0,,0.0,1764,1761,0,82.6749,5.2227,1
1786373035458,15808,15840,15840,32,3.1444,7.785677,8,18,18,0,,0.0,1745,1761,0,82.7139,5.2218,1
1786373052969,15808,15850,15850,42,3.1306,7.790592,8,18,18,0,,0.0,1751,1761,0,82.753,5.221,1
1786373081289,15808,15860,15860,52,3.129,7.795507,8,18,18,0,,0.0,2832,1764,0,82.8163,5.2217,1
1786373104414,15859,15870,15870,11,3.1207,7.800422,8,18,18,0,,0.0,2313,1764,0,82.868,5.2217,1
1786373122191,15859,15880,15880,21,3.1265,7.805338,8,18,18,0,,0.0,1778,1761,0,82.9078,5.2209,1
1786373140012,15859,15890,15890,31,3.1288,7.810253,8,18,18,0,,0.0,1782,1761,0,82.9476,5.2201,1
1786373157550,15859,15900,15900,41,3.1182,7.815168,8,18,18,0,,0.0,1754,1761,0,82.9868,5.2193,1
1786373223639,15900,15910,15910,10,3.142,7.820083,8,18,18,0,,0.0,6609,1764,0,83.1346,5.2253,1
1786373241532,15900,15920,15920,20,3.1539,7.824998,8,18,18,0,,0.0,1789,1764,0,83.1746,5.2245,1
1786373259133,15900,15930,15930,30,3.1207,7.829914,8,18,18,0,,0.0,1760,1764,0,83.2139,5.2237,1
1786373276740,15900,15940,15940,40,3.1118,7.834829,8,18,18,0,,0.0,1761,1764,0,83.2533,5.2229,1
1786373294259,15900,15950,15950,50,3.1396,7.839744,8,18,18,0,,0.0,1752,1764,0,83.2924,5.2221,1
1786373328317,15952,15960,15960,8,3.131,7.844659,8,18,18,0,,0.0,3406,1772,0,83.3686,5.2236,1
1786373346037,15952,15970,15970,18,3.0914,7.849574,8,18,18,0,,0.0,1772,1772,0,83.4082,5.2228,1
1786373363565,15952,15980,15980,28,3.13,7.85449,8,18,18,0,,0.0,1753,1770,0,83.4474,5.222,1
1786373381133,15952,15990,15990,38,3.1197,7.859405,8,18,18,0,,0.0,1757,1770,0,83.4867,5.2212,1
1786373398645,15952,16000,16000,48,3.1351,7.86432,8,18,18,0,,0.0,1751,1770,0,83.5258,5.2204,1
1786373428060,15952,16010,16010,58,3.1443,7.869235,8,18,18,0,,0.0,2941,1772,0,83.5916,5.2212,1
1786373450402,16004,16020,16020,16,3.1357,7.87415,8,18,18,0,,0.0,2234,1772,0,83.6415,5.2211,1
1786373468000,16004,16030,16030,26,3.1523,7.879066,8,18,18,0,,0.0,1760,1770,0,83.6808,5.2203,1
1786373485511,16004,16040,16040,36,3.1521,7.883981,8,18,18,0,,0.0,1751,1765,0,83.72,5.2195,1
1786373503105,16004,16050,16050,46,3.1424,7.888896,8,18,18,0,,0.0,1759,1763,0,83.7593,5.2186,1
1786373532250,16004,16060,16060,56,3.0859,7.893811,8,18,18,0,,0.0,2914,1765,0,83.8245,5.2195,1
1786373554380,16056,16070,16070,14,3.1273,7.898726,8,18,18,0,,0.0,2213,1765,0,83.874,5.2193,1
1786373572202,16056,16080,16080,24,3.0992,7.903642,8,18,18,0,,0.0,1782,1763,0,83.9138,5.2185,1
1786373589697,16056,16090,16090,34,3.1295,7.908557,8,18,18,0,,0.0,1750,1763,0,83.9529,5.2177,1
1786373607254,16056,16100,16100,44,3.1183,7.913472,8,18,18,0,,0.0,1756,1763,0,83.9922,5.2169,1
1786373635969,16056,16110,16110,54,3.1289,7.918387,8,18,18,0,,0.0,2872,1765,0,84.0564,5.2177,1
1786373658513,16108,16120,16120,12,3.1272,7.923302,8,18,18,0,,0.0,2254,1765,0,84.1068,5.2175,1
1786373676215,16108,16130,16130,22,3.1378,7.928218,8,18,18,0,,0.0,1770,1763,0,84.1463,5.2168,1
1786373693736,16108,16140,16140,32,3.1306,7.933133,8,18,18,0,,0.0,1752,1763,0,84.1855,5.216,1
1786373711284,16108,16150,16150,42,3.1327,7.938048,8,18,18,0,,0.0,1755,1763,0,84.2247,5.2152,1
1786373729153,16108,16160,16160,52,3.0981,7.942963,8,18,18,0,,0.0,1787,1765,0,84.2647,5.2144,1
1786373762902,16160,16170,16170,10,3.1173,7.947878,8,18,18,0,,0.0,3375,1765,0,84.3401,5.2158,1
1786373780551,16160,16180,16180,20,3.1342,7.952794,8,18,18,0,,0.0,1765,1763,0,84.3796,5.2151,1
1786373798185,16160,16190,16190,30,3.1166,7.957709,8,18,18,0,,0.0,1763,1763,0,84.419,5.2143,1
1786373815766,16160,16200,16200,40,3.1344,7.962624,8,18,18,0,,0.0,1758,1763,0,84.4583,5.2135,1
1786373882153,16200,16210,16210,10,3.1126,7.967539,8,18,18,0,,0.0,6639,1765,0,84.6067,5.2194,1
1786373900080,16200,16220,16220,20,3.1217,7.972454,8,18,18,0,,0.0,1793,1765,0,84.6468,5.2187,1
1786373917701,16200,16230,16230,30,3.1287,7.97737,8,18,18,0,,0.0,1762,1765,0,84.6862,5.2179,1
1786373935282,16200,16240,16240,40,3.1412,7.982285,8,18,18,0,,0.0,1758,1763,0,84.7255,5.2171,1
1786373952811,16200,16250,16250,50,3.1106,7.9872,8,18,18,0,,0.0,1753,1763,0,84.7647,5.2163,1
1786373986549,16252,16260,16260,8,3.1208,7.992115,8,18,18,0,,0.0,3374,1765,0,84.8401,5.2177,1
1786374004335,16252,16270,16270,18,3.1496,7.99703,8,18,18,0,,0.0,1779,1765,0,84.8799,5.217,1
1786374021906,16252,16280,16280,28,3.1552,8.001946,8,18,18,0,,0.0,1757,1765,0,84.9191,5.2162,1
1786374039513,16252,16290,16290,38,3.1178,8.006861,8,18,18,0,,0.0,1761,1763,0,84.9585,5.2154,1
1786374057060,16252,16300,16300,48,3.156,8.011776,8,18,18,0,,0.0,1755,1763,0,84.9977,5.2146,1
1786374087189,16252,16310,16310,58,3.0963,8.016691,8,18,18,0,,0.0,3013,1763,0,85.0651,5.2155,1
1786374109388,16304,16320,16320,16,3.1225,8.021606,8,18,18,0,,0.0,2220,1763,0,85.1147,5.2154,1
1786374126966,16304,16330,16330,26,3.1335,8.026522,8,18,18,0,,0.0,1758,1763,0,85.154,5.2146,1
1786374144495,16304,16340,16340,36,3.1188,8.031437,8,18,18,0,,0.0,1753,1762,0,85.1932,5.2138,1
1786374162058,16304,16350,16350,46,3.1268,8.036352,8,18,18,0,,0.0,1756,1761,0,85.2325,5.213,1
1786374191218,16304,16360,16360,56,3.1203,8.041267,8,18,18,0,,0.0,2916,1762,0,85.2976,5.2138,1
1786374213313,16356,16370,16370,14,3.125,8.046182,8,18,18,0,,0.0,2210,1762,0,85.347,5.2136,1
1786374230984,16356,16380,16380,24,3.1212,8.051098,8,18,18,0,,0.0,1767,1761,0,85.3865,5.2129,1
1786374248475,16356,16390,16390,34,3.1015,8.056013,8,18,18,0,,0.0,1749,1760,0,85.4256,5.2121,1
1786374265959,16356,16400,16400,44,3.0988,8.060928,8,18,18,0,,0.0,1748,1760,0,85.4647,5.2113,1
1786374294360,16356,16410,16410,54,3.1304,8.065843,8,18,18,0,,0.0,2840,1761,0,85.5282,5.212,1
1786374316794,16408,16420,16420,12,3.123,8.070758,8,18,18,0,,0.0,2243,1761,0,85.5784,5.2118,1
1786374334682,16408,16430,16430,22,3.148,8.075674,8,18,18,0,,0.0,1789,1760,0,85.6184,5.2111,1
1786374352247,16408,16440,16440,32,3.1344,8.080589,8,18,18,0,,0.0,1756,1761,0,85.6576,5.2103,1
1786374369843,16408,16450,16450,42,3.1488,8.085504,8,18,18,0,,0.0,1760,1762,0,85.697,5.2095,1
1786374387429,16408,16460,16460,52,3.1297,8.090419,8,18,18,0,,0.0,1759,1763,0,85.7363,5.2088,1
1786374420660,16461,16470,16470,9,3.1136,8.095334,8,18,18,0,,0.0,3323,1763,0,85.8106,5.2101,1
1786374438432,16461,16480,16480,19,3.1356,8.10025,8,18,18,0,,0.0,1777,1762,0,85.8503,5.2094,1
1786374455989,16461,16490,16490,29,3.1388,8.105165,8,18,18,0,,0.0,1756,1762,0,85.8896,5.2086,1
1786374473594,16461,16500,16500,39,3.1245,8.11008,8,18,18,0,,0.0,1760,1762,0,85.9289,5.2078,1
1786374552092,16500,16510,16510,10,3.1364,8.114995,8,18,18,0,,0.0,7850,1763,0,86.1044,5.2153,1
1786374569861,16500,16520,16520,20,3.1441,8.11991,8,18,18,0,,0.0,1777,1763,0,86.1441,5.2145,1
1786374587418,16500,16530,16530,30,3.1314,8.124826,8,18,18,0,,0.0,1756,1762,0,86.1834,5.2138,1
1786374604984,16500,16540,16540,40,3.1112,8.129741,8,18,18,0,,0.0,1757,1762,0,86.2226,5.213,1
1786374622546,16500,16550,16550,50,3.1421,8.134656,8,18,18,0,,0.0,1756,1762,0,86.2619,5.2122,1
1786374656122,16551,16560,16560,9,3.1548,8.139571,8,18,18,0,,0.0,3358,1762,0,86.337,5.2136,1
1786374674063,16551,16570,16570,19,3.1339,8.144486,8,18,18,0,,0.0,1794,1762,0,86.3771,5.2129,1
1786374691601,16551,16580,16580,29,3.1265,8.149402,8,18,18,0,,0.0,1754,1762,0,86.4163,5.2121,1
1786374709218,16551,16590,16590,39,3.1328,8.154317,8,18,18,0,,0.0,1762,1762,0,86.4557,5.2113,1
1786374726849,16551,16600,16600,49,3.1094,8.159232,8,18,18,0,,0.0,1763,1762,0,86.4951,5.2105,1
1786374760543,16603,16610,16610,7,3.1237,8.164147,8,18,18,0,,0.0,3369,1762,0,86.5704,5.2119,1
1786374780370,16603,16620,16620,17,3.1235,8.169062,8,18,18,0,,0.0,1983,1763,0,86.6147,5.2115,1
1786374797895,16603,16630,16630,27,3.1358,8.173978,8,18,18,0,,0.0,1753,1763,0,86.6539,5.2107,1
1786374815435,16603,16640,16640,37,3.1062,8.178893,8,18,18,0,,0.0,1754,1762,0,86.6931,5.2099,1
1786374832977,16603,16650,16650,47,3.1069,8.183808,8,18,18,0,,0.0,1754,1763,0,86.7323,5.2091,1
1786374862225,16655,16660,16660,5,3.1493,8.188723,8,18,18,0,,0.0,2925,1765,0,86.7977,5.2099,1
1786374884600,16655,16670,16670,15,3.1189,8.193638,8,18,18,0,,0.0,2237,1765,0,86.8477,5.2098,1
1786374902162,16655,16680,16680,25,3.1089,8.198554,8,18,18,0,,0.0,1756,1765,0,86.887,5.2091,1
1786374919780,16655,16690,16690,35,3.1321,8.203469,8,18,18,0,,0.0,1762,1765,0,86.9264,5.2083,1
1786374937353,16655,16700,16700,45,3.1215,8.208384,8,18,18,0,,0.0,1757,1765,0,86.9657,5.2075,1
1786374966406,16655,16710,16710,55,3.133,8.213299,8,18,18,0,,0.0,2905,1770,0,87.0306,5.2083,1
1786374988592,16706,16720,16720,14,3.1167,8.218214,8,18,18,0,,0.0,2219,1770,0,87.0802,5.2081,1
1786375006293,16706,16730,16730,24,3.1355,8.22313,8,18,18,0,,0.0,1770,1765,0,87.1198,5.2074,1
1786375023895,16706,16740,16740,34,3.132,8.228045,8,18,18,0,,0.0,1760,1765,0,87.1591,5.2066,1
1786375041519,16706,16750,16750,44,3.1345,8.23296,8,18,18,0,,0.0,1762,1765,0,87.1985,5.2059,1
1786375070126,16706,16760,16760,54,3.1086,8.237875,8,18,18,0,,0.0,2861,1770,0,87.2625,5.2066,1
1786375092553,16758,16770,16770,12,3.1107,8.24279,8,18,18,0,,0.0,2243,1770,0,87.3126,5.2065,1
1786375110316,16758,16780,16780,22,3.1178,8.247706,8,18,18,0,,0.0,1776,1765,0,87.3523,5.2057,1
1786375127909,16758,16790,16790,32,3.1291,8.252621,8,18,18,0,,0.0,1759,1765,0,87.3917,5.205,1
1786375145561,16758,16800,16800,42,3.1242,8.257536,8,18,18,0,,0.0,1765,1765,0,87.4311,5.2042,1
1786375211601,16800,16810,16810,10,3.1157,8.262451,8,18,18,0,,0.0,6604,1770,0,87.5788,5.2099,1
1786375229544,16800,16820,16820,20,3.139,8.267366,8,18,18,0,,0.0,1794,1770,0,87.6189,5.2092,1
1786375247446,16800,16830,16830,30,3.1159,8.272282,8,18,18,0,,0.0,1790,1765,0,87.6589,5.2085,1
1786375265011,16800,16840,16840,40,3.0957,8.277197,8,18,18,0,,0.0,1757,1765,0,87.6982,5.2077,1
1786375282575,16800,16850,16850,50,3.1514,8.282112,8,18,18,0,,0.0,1756,1765,0,87.7374,5.207,1
1786375316316,16852,16860,16860,8,3.1336,8.287027,8,18,18,0,,0.0,3374,1770,0,87.8129,5.2084,1
1786375334047,16852,16870,16870,18,3.0972,8.291942,8,18,18,0,,0.0,1773,1770,0,87.8525,5.2076,1
1786375351579,16852,16880,16880,28,3.0944,8.296858,8,18,18,0,,0.0,1753,1770,0,87.8917,5.2069,1
1786375369174,16852,16890,16890,38,3.1279,8.301773,8,18,18,0,,0.0,1760,1765,0,87.931,5.2061,1
1786375386703,16852,16900,16900,48,3.1468,8.306688,8,18,18,0,,0.0,1753,1765,0,87.9702,5.2053,1
1786375415976,16904,16910,16910,6,3.1194,8.311603,8,18,18,0,,0.0,2927,1773,0,88.0357,5.2061,1
1786375438325,16904,16920,16920,16,3.1318,8.316518,8,18,18,0,,0.0,2235,1773,0,88.0856,5.206,1
1786375455911,16904,16930,16930,26,3.1226,8.321434,8,18,18,0,,0.0,1759,1773,0,88.1249,5.2053,1
1786375473506,16904,16940,16940,36,3.1504,8.326349,8,18,18,0,,0.0,1759,1773,0,88.1643,5.2045,1
1786375491078,16904,16950,16950,46,3.1163,8.331264,8,18,18,0,,0.0,1757,1790,0,88.2036,5.2037,1
1786375520076,16904,16960,16960,56,3.1671,8.336179,8,18,18,0,,0.0,2900,1794,0,88.2684,5.2045,1
1786375542419,16955,16970,16970,15,3.1498,8.341094,8,18,18,0,,0.0,2234,1794,0,88.3183,5.2044,1
1786375560046,16955,16980,16980,25,3.1346,8.34601,8,18,18,0,,0.0,1763,1800,0,88.3577,5.2036,1
1786375577668,16955,16990,16990,35,3.1444,8.350925,8,18,18,0,,0.0,1762,2005,0,88.3971,5.2029,1
1786375595298,16955,17000,17000,45,3.1689,8.35584,8,18,18,0,,0.0,1763,2011,0,88.4365,5.2021,1
1786375624349,16955,17010,17010,55,3.1209,8.360755,8,18,18,0,,0.0,2905,2011,0,88.5015,5.2029,1
1786375646896,17007,17020,17020,13,3.0967,8.36567,8,18,18,0,,0.0,2255,2005,0,88.5519,5.2028,1
1786375664891,17007,17030,17030,23,3.1188,8.370586,8,18,18,0,,0.0,1800,2011,0,88.5921,5.2021,1
1786375682444,17007,17040,17040,33,3.1394,8.375501,8,18,18,0,,0.0,1755,2234,0,88.6314,5.2014,1
1786375700001,17007,17050,17050,43,3.0994,8.380416,8,18,18,0,,0.0,1756,2234,0,88.6706,5.2006,1
1786375728370,17007,17060,17060,53,3.14,8.385331,8,18,18,0,,0.0,2837,2234,0,88.734,5.2013,1
1786375751724,17059,17070,17070,11,3.1062,8.390246,8,18,18,0,,0.0,2335,2011,0,88.7862,5.2013,1
1786375790679,17059,17060,17070,1,3.1271,8.385331,7,18,18,1,17070,0.0,2676,2005,0,88.8662,5.209,1
1786375810788,17059,17070,17070,11,3.1238,8.390246,7,19,18,1,17070,0.0,2011,2011,0,88.9111,5.2086,1
1786375830838,17059,17080,17080,21,3.1278,8.395162,7,19,18,1,17080,0.0,2005,2011,0,88.9559,5.2082,1
1786375862851,17059,17090,17090,31,3.1022,8.400077,7,19,18,1,17090,0.0,3201,2011,0,89.0274,5.2093,1
1786375888140,17089,17100,17100,11,3.1076,8.404992,7,19,18,1,17100,0.0,2529,2005,0,89.084,5.2096,1
1786375941163,17089,17110,17110,21,3.1333,8.409907,7,19,18,1,17110,0.0,5302,1801,0,89.2025,5.2135,1
1786375975819,17089,17120,17120,31,3.1221,8.414822,7,19,18,1,17120,0.0,3466,2005,0,89.28,5.215,1
1786376053171,17116,17120,17120,4,3.1377,8.414822,8,19,19,0,,0.0,2960,2005,0,89.4529,5.2251,1
1786376070702,17116,17130,17130,14,3.1131,8.419738,8,19,19,0,,0.0,1753,2005,0,89.4921,5.2243,1
1786376088176,17116,17140,17140,24,3.1177,8.424653,8,19,19,0,,0.0,1747,1843,0,89.5312,5.2235,1
1786376118253,17116,17150,17150,34,3.1144,8.429568,8,19,19,0,,0.0,3008,1801,0,89.5984,5.2244,1
1786376140674,17148,17160,17160,12,3.1047,8.434483,8,19,19,0,,0.0,2242,1843,0,89.6485,5.2243,1
1786376158624,17148,17170,17170,22,3.1161,8.439398,8,19,19,0,,0.0,1795,2005,0,89.6887,5.2236,1
1786376176320,17148,17180,17180,32,3.1584,8.444314,8,19,19,0,,0.0,1770,2005,0,89.7282,5.2228,1
1786376194076,17148,17190,17190,42,3.1249,8.449229,8,19,19,0,,0.0,1776,1843,0,89.7679,5.2221,1
1786376212016,17148,17200,17200,52,3.1229,8.454144,8,19,19,0,,0.0,1794,1801,0,89.808,5.2214,1
1786376246733,17200,17210,17210,10,3.1235,8.459059,8,19,19,0,,0.0,3472,1801,0,89.8856,5.2229,1
1786376264748,17200,17220,17220,20,3.1646,8.463974,8,19,19,0,,0.0,1801,1801,0,89.9259,5.2222,1
1786376282408,17200,17230,17230,30,3.1222,8.46889,8,19,19,0,,0.0,1766,1801,0,89.9654,5.2214,1
1786376300123,17200,17240,17240,40,3.14,8.473805,8,19,19,0,,0.0,1771,1795,0,90.005,5.2207,1
1786376317751,17200,17250,17250,50,3.1402,8.47872,8,19,19,0,,0.0,1763,1794,0,90.0444,5.22,1
1786376351044,17253,17260,17260,7,3.1621,8.483635,8,19,19,0,,0.0,3329,1794,0,90.1188,5.2213,1
1786376369475,17253,17270,17270,17,3.1272,8.48855,8,19,19,0,,0.0,1843,1794,0,90.16,5.2206,1
1786376387138,17253,17280,17280,27,3.0867,8.493466,8,19,19,0,,0.0,1766,1780,0,90.1995,5.2199,1
1786376404796,17253,17290,17290,37,3.0817,8.498381,8,19,19,0,,0.0,1766,1780,0,90.239,5.2191,1
1786376422469,17253,17300,17300,47,3.0959,8.503296,8,19,19,0,,0.0,1767,1780,0,90.2785,5.2184,1
1786376451852,17253,17310,17310,57,3.0997,8.508211,8,19,19,0,,0.0,2938,1780,0,90.3442,5.2192,1
1786376474153,17304,17320,17320,16,3.1295,8.513126,8,19,19,0,,0.0,2230,1780,0,90.394,5.2191,1
1786376491948,17304,17330,17330,26,3.142,8.518042,8,19,19,0,,0.0,1780,1780,0,90.4338,5.2183,1
1786376509581,17304,17340,17340,36,3.1359,8.522957,8,19,19,0,,0.0,1763,1780,0,90.4732,5.2176,1
1786376527142,17304,17350,17350,46,3.1145,8.527872,8,19,19,0,,0.0,1756,1783,0,90.5125,5.2169,1
1786376556381,17304,17360,17360,56,3.1477,8.532787,8,19,19,0,,0.0,2924,1783,0,90.5779,5.2176,1
1786376578772,17357,17370,17370,13,3.0832,8.537702,8,19,19,0,,0.0,2239,1783,0,90.6279,5.2175,1
1786376596809,17357,17380,17380,23,3.1378,8.542618,8,19,19,0,,0.0,1804,1780,0,90.6683,5.2168,1
1786376614521,17357,17390,17390,33,3.132,8.547533,8,19,19,0,,0.0,1771,1780,0,90.7078,5.2161,1
1786376632199,17357,17400,17400,43,3.1092,8.552448,8,19,19,0,,0.0,1768,1780,0,90.7474,5.2154,1
1786376698790,17400,17410,17410,10,3.1287,8.557363,8,19,19,0,,0.0,6659,1783,0,90.8962,5.2209,1
1786376716742,17400,17420,17420,20,3.1439,8.562278,8,19,19,0,,0.0,1795,1783,0,90.9364,5.2202,1
1786376734443,17400,17430,17430,30,3.1399,8.567194,8,19,19,0,,0.0,1770,1780,0,90.9759,5.2195,1
1786376752098,17400,17440,17440,40,3.1629,8.572109,8,19,19,0,,0.0,1765,1780,0,91.0154,5.2188,1
1786376769791,17400,17450,17450,50,3.1428,8.577024,8,19,19,0,,0.0,1769,1780,0,91.055,5.218,1
1786376803792,17452,17460,17460,8,3.1193,8.581939,8,19,19,0,,0.0,3400,1783,0,91.131,5.2194,1
1786376821802,17452,17470,17470,18,3.1247,8.586854,8,19,19,0,,0.0,1801,1783,0,91.1712,5.2187,1
1786376839674,17452,17480,17480,28,3.1323,8.59177,8,19,19,0,,0.0,1787,1780,0,91.2112,5.218,1
1786376857337,17452,17490,17490,38,3.1345,8.596685,8,19,19,0,,0.0,1766,1779,0,91.2507,5.2173,1
1786376875171,17452,17500,17500,48,3.1325,8.6016,8,19,19,0,,0.0,1783,1779,0,91.2905,5.2166,1
1786376907751,17503,17510,17510,7,3.1256,8.606515,8,19,19,0,,0.0,3258,1783,0,91.3634,5.2178,1
1786376928544,17503,17520,17520,17,3.1284,8.61143,8,19,19,0,,0.0,2079,1783,0,91.4099,5.2175,1
1786376946221,17503,17530,17530,27,3.1032,8.616346,8,19,19,0,,0.0,1768,1783,0,91.4494,5.2167,1
1786376963897,17503,17540,17540,37,3.0905,8.621261,8,19,19,0,,0.0,1768,1779,0,91.4889,5.216,1
1786376981571,17503,17550,17550,47,3.1291,8.626176,8,19,19,0,,0.0,1767,1779,0,91.5284,5.2153,1
1786377010790,17503,17560,17560,57,3.0949,8.631091,8,19,19,0,,0.0,2922,1783,0,91.5937,5.216,1
1786377033166,17554,17570,17570,16,3.097,8.636006,8,19,19,0,,0.0,2238,1779,0,91.6438,5.2159,1
1786377050960,17554,17580,17580,26,3.0975,8.640922,8,19,19,0,,0.0,1779,1779,0,91.6835,5.2152,1
1786377068637,17554,17590,17590,36,3.1451,8.645837,8,19,19,0,,0.0,1768,1779,0,91.723,5.2145,1
1786377086426,17554,17600,17600,46,3.1209,8.650752,8,19,19,0,,0.0,1779,1779,0,91.7628,5.2138,1
1786377115510,17554,17610,17610,56,3.156,8.655667,8,19,19,0,,0.0,2908,1779,0,91.8278,5.2145,1
1786377137750,17606,17620,17620,14,3.138,8.660582,8,19,19,0,,0.0,2224,1779,0,91.8776,5.2144,1
1786377155497,17606,17630,17630,24,3.1421,8.665498,8,19,19,0,,0.0,1775,1779,0,91.9172,5.2137,1
1786377173236,17606,17640,17640,34,3.1294,8.670413,8,19,19,0,,0.0,1774,1775,0,91.9569,5.213,1
1786377190976,17606,17650,17650,44,3.1069,8.675328,8,19,19,0,,0.0,1774,1775,0,91.9965,5.2123,1
1786377219724,17606,17660,17660,54,3.1489,8.680243,8,19,19,0,,0.0,2875,1775,0,92.0608,5.213,1
1786377242071,17657,17670,17670,13,3.103,8.685158,8,19,19,0,,0.0,2235,1775,0,92.1108,5.2128,1
1786377260096,17657,17680,17680,23,3.1149,8.690074,8,19,19,0,,0.0,1802,1775,0,92.1511,5.2122,1
1786377277740,17657,17690,17690,33,3.1354,8.694989,8,19,19,0,,0.0,1764,1775,0,92.1905,5.2114,1
1786377295453,17657,17700,17700,43,3.1079,8.699904,8,19,19,0,,0.0,1771,1775,0,92.2301,5.2107,1
1786377361814,17700,17710,17710,10,3.1627,8.704819,8,19,19,0,,0.0,6636,1775,0,92.3785,5.2162,1
1786377379526,17700,17720,17720,20,3.1118,8.709734,8,19,19,0,,0.0,1771,1775,0,92.4181,5.2155,1
1786377397276,17700,17730,17730,30,3.1113,8.71465,8,19,19,0,,0.0,1775,1775,0,92.4577,5.2148,1
1786377414940,17700,17740,17740,40,3.1288,8.719565,8,19,19,0,,0.0,1766,1775,0,92.4972,5.214,1
1786377432641,17700,17750,17750,50,3.124,8.72448,8,19,19,0,,0.0,1770,1775,0,92.5368,5.2133,1
1786377466444,17751,17760,17760,9,3.1091,8.729395,8,19,19,0,,0.0,3380,1775,0,92.6124,5.2147,1
1786377484328,17751,17770,17770,19,3.1261,8.73431,8,19,19,0,,0.0,1788,1775,0,92.6523,5.214,1
1786377501978,17751,17780,17780,29,3.1318,8.739226,8,19,19,0,,0.0,1765,1775,0,92.6918,5.2133,1
1786377519691,17751,17790,17790,39,3.1171,8.744141,8,19,19,0,,0.0,1771,1774,0,92.7314,5.2126,1
1786377537379,17751,17800,17800,49,3.1493,8.749056,8,19,19,0,,0.0,1769,1774,0,92.7709,5.2119,1
1786377569051,17802,17810,17810,8,3.119,8.753971,8,19,19,0,,0.0,3167,1775,0,92.8418,5.2129,1
1786377589369,17802,17820,17820,18,3.1011,8.758886,8,19,19,0,,0.0,2032,1775,0,92.8872,5.2125,1
1786377607109,17802,17830,17830,28,3.1053,8.763802,8,19,19,0,,0.0,1774,1775,0,92.9268,5.2118,1
1786377624717,17802,17840,17840,38,3.1452,8.768717,8,19,19,0,,0.0,1761,1774,0,92.9662,5.2111,1
1786377642406,17802,17850,17850,48,3.1513,8.773632,8,19,19,0,,0.0,1769,1774,0,93.0057,5.2104,1
1786377671400,17802,17860,17860,58,3.1353,8.778547,8,19,19,0,,0.0,2899,1775,0,93.0706,5.2111,1
1786377693706,17855,17870,17870,15,3.1088,8.783462,8,19,19,0,,0.0,2231,1775,0,93.1204,5.211,1
1786377711490,17855,17880,17880,25,3.1184,8.788378,8,19,19,0,,0.0,1778,1775,0,93.1602,5.2103,1
1786377729200,17855,17890,17890,35,3.1046,8.793293,8,19,19,0,,0.0,1771,1774,0,93.1998,5.2096,1
1786377746903,17855,17900,17900,45,3.1493,8.798208,8,19,19,0,,0.0,1770,1774,0,93.2393,5.2089,1
1786377775610,17855,17910,17910,55,3.1399,8.803123,8,19,19,0,,0.0,2871,1777,0,93.3035,5.2096,1
1786377798099,17908,17920,17920,12,3.0782,8.808038,8,19,19,0,,0.0,2249,1777,0,93.3538,5.2095,1
1786377816128,17908,17930,17930,22,3.1079,8.812954,8,19,19,0,,0.0,1803,1774,0,93.3941,5.2088,1
1786377833822,17908,17940,17940,32,3.1109,8.817869,8,19,19,0,,0.0,1769,1774,0,93.4337,5.2081,1
1786377851505,17908,17950,17950,42,3.1088,8.822784,8,19,19,0,,0.0,1768,1774,0,93.4732,5.2074,1
1786377881914,17908,17960,17960,52,3.0992,8.827699,8,19,19,0,,0.0,3041,1777,0,93.5412,5.2083,1
1786377904649,17959,17970,17970,11,3.0894,8.832614,8,19,19,0,,0.0,2274,1777,0,93.592,5.2082,1
1786377922595,17959,17980,17980,21,3.1084,8.83753,8,19,19,0,,0.0,1795,1774,0,93.6321,5.2076,1
1786377940262,17959,17990,17990,31,3.1374,8.842445,8,19,19,0,,0.0,1767,1771,0,93.6716,5.2069,1
1786377957957,17959,18000,18000,41,3.1199,8.84736,8,19,19,0,,0.0,1770,1771,0,93.7112,5.2062,1
1786378027373,18000,18010,18010,10,3.1253,8.852275,8,19,19,0,,0.0,6942,1777,0,93.8664,5.2119,1
1786378045143,18000,18020,18020,20,3.1206,8.85719,8,19,19,0,,0.0,1777,1777,0,93.9061,5.2112,1
1786378062809,18000,18030,18030,30,3.1521,8.862106,8,19,19,0,,0.0,1767,1777,0,93.9456,5.2105,1
1786378080467,18000,18040,18040,40,3.095,8.867021,8,19,19,0,,0.0,1766,1771,0,93.9851,5.2098,1
1786378098100,18000,18050,18050,50,3.1195,8.871936,8,19,19,0,,0.0,1763,1777,0,94.0245,5.2091,1
1786378129239,18052,18060,18060,8,3.1046,8.876851,8,19,19,0,,0.0,3114,1785,0,94.0941,5.2101,1
1786378150357,18052,18070,18070,18,3.1066,8.881766,8,19,19,0,,0.0,2112,1785,0,94.1413,5.2098,1
1786378167988,18052,18080,18080,28,3.1389,8.886682,8,19,19,0,,0.0,1763,1785,0,94.1807,5.2091,1
1786378185587,18052,18090,18090,38,3.1365,8.891597,8,19,19,0,,0.0,1760,1777,0,94.2201,5.2084,1
1786378203197,18052,18100,18100,48,3.1001,8.896512,8,19,19,0,,0.0,1761,1777,0,94.2594,5.2077,1
1786378232394,18052,18110,18110,58,3.0831,8.901427,8,19,19,0,,0.0,2920,1777,0,94.3247,5.2084,1
1786378255002,18105,18120,18120,15,3.1318,8.906342,8,19,19,0,,0.0,2261,1777,0,94.3752,5.2083,1
1786378272660,18105,18130,18130,25,3.1098,8.911258,8,19,19,0,,0.0,1766,1777,0,94.4147,5.2077,1
1786378290303,18105,18140,18140,35,3.148,8.916173,8,19,19,0,,0.0,1764,1771,0,94.4542,5.207,1
1786378308008,18105,18150,18150,45,3.1106,8.921088,8,19,19,0,,0.0,1770,1771,0,94.4937,5.2063,1
1786378336874,18105,18160,18160,55,3.1393,8.926003,8,19,19,0,,0.0,2887,1777,0,94.5583,5.207,1
1786378359300,18157,18170,18170,13,3.1241,8.930918,8,19,19,0,,0.0,2243,1777,0,94.6084,5.2068,1
1786378377297,18157,18180,18180,23,3.1113,8.935834,8,19,19,0,,0.0,1800,1773,0,94.6486,5.2062,1
1786378394956,18157,18190,18190,33,3.1332,8.940749,8,19,19,0,,0.0,1766,1777,0,94.6881,5.2055,1
1786378412802,18157,18200,18200,43,3.1134,8.945664,8,19,19,0,,0.0,1785,1777,0,94.728,5.2048,1
1786378430874,18157,18210,18210,53,3.1542,8.950579,8,19,19,0,,0.0,1807,1778,0,94.7684,5.2042,1
1786378464856,18210,18220,18220,10,3.1096,8.955494,8,19,19,0,,0.0,3398,1778,0,94.8444,5.2055,1
1786378482785,18210,18230,18230,20,3.1229,8.96041,8,19,19,0,,0.0,1793,1777,0,94.8845,5.2049,1
1786378500491,18210,18240,18240,30,3.1197,8.965325,8,19,19,0,,0.0,1771,1777,0,94.924,5.2042,1
1786378518152,18210,18250,18250,40,3.1066,8.97024,8,19,19,0,,0.0,1766,1777,0,94.9635,5.2035,1
1786378535865,18210,18260,18260,50,3.1074,8.975155,8,19,19,0,,0.0,1771,1778,0,95.0031,5.2028,1
1786378569234,18261,18270,18270,9,3.1185,8.98007,8,19,19,0,,0.0,3337,1778,0,95.0777,5.204,1
1786378587126,18261,18280,18280,19,3.114,8.984986,8,19,19,0,,0.0,1789,1777,0,95.1177,5.2034,1
1786378604789,18261,18290,18290,29,3.0964,8.989901,8,19,19,0,,0.0,1766,1777,0,95.1572,5.2027,1
1786378622473,18261,18300,18300,39,3.1048,8.994816,8,19,19,0,,0.0,1768,1777,0,95.1967,5.202,1
1786378688779,18300,18310,18310,10,3.1154,8.999731,8,19,19,0,,0.0,6631,1778,0,95.345,5.2073,1
1786378706551,18300,18320,18320,20,3.1297,9.004646,8,19,19,0,,0.0,1777,1778,0,95.3847,5.2066,1
1786378724282,18300,18330,18330,30,3.1076,9.009562,8,19,19,0,,0.0,1773,1777,0,95.4243,5.2059,1
1786378742065,18300,18340,18340,40,3.1256,9.014477,8,19,19,0,,0.0,1778,1775,0,95.4641,5.2052,1
1786378759691,18300,18350,18350,50,3.1347,9.019392,8,19,19,0,,0.0,1763,1775,0,95.5035,5.2046,1
1786378794187,18352,18360,18360,8,3.1467,9.024307,8,19,19,0,,0.0,3450,1775,0,95.5806,5.2059,1
1786378812098,18352,18370,18370,18,3.1224,9.029222,8,19,19,0,,0.0,1791,1775,0,95.6207,5.2053,1
1786378829806,18352,18380,18380,28,3.1071,9.034138,8,19,19,0,,0.0,1771,1774,0,95.6602,5.2046,1
1786378847480,18352,18390,18390,38,3.1416,9.039053,8,19,19,0,,0.0,1767,1773,0,95.6998,5.2039,1
1786378865113,18352,18400,18400,48,3.0984,9.043968,8,19,19,0,,0.0,1763,1774,0,95.7392,5.2032,1
1786378894686,18352,18410,18410,58,3.0978,9.048883,8,19,19,0,,0.0,2957,1775,0,95.8053,5.204,1
1786378916813,18404,18420,18420,16,3.134,9.053798,8,19,19,0,,0.0,2213,1775,0,95.8547,5.2038,1
1786378934562,18404,18430,18430,26,3.1026,9.058714,8,19,19,0,,0.0,1775,1775,0,95.8944,5.2032,1
1786378952265,18404,18440,18440,36,3.1158,9.063629,8,19,19,0,,0.0,1770,1775,0,95.934,5.2025,1
1786378969881,18404,18450,18450,46,3.1191,9.068544,8,19,19,0,,0.0,1762,1775,0,95.9734,5.2018,1
1786378998756,18404,18460,18460,56,3.1218,9.073459,8,19,19,0,,0.0,2888,1775,0,96.0379,5.2025,1
1786379021525,18455,18470,18470,15,3.111,9.078374,8,19,19,0,,0.0,2277,1775,0,96.0888,5.2024,1
1786379039222,18455,18480,18480,25,3.1065,9.08329,8,19,19,0,,0.0,1770,1775,0,96.1284,5.2018,1
1786379056900,18455,18490,18490,35,3.1257,9.088205,8,19,19,0,,0.0,1768,1778,0,96.1679,5.2011,1
1786379074605,18455,18500,18500,45,3.1362,9.09312,8,19,19,0,,0.0,1771,1781,0,96.2075,5.2004,1
1786379104451,18455,18510,18510,55,3.1195,9.098035,8,19,19,0,,0.0,2985,1791,0,96.2742,5.2012,1
1786379126616,18506,18520,18520,14,3.1166,9.10295,8,19,19,0,,0.0,2217,1791,0,96.3238,5.2011,1
1786379144357,18506,18530,18530,24,3.1269,9.107866,8,19,19,0,,0.0,1774,2007,0,96.3634,5.2004,1
1786379162052,18506,18540,18540,34,3.1153,9.112781,8,19,19,0,,0.0,1770,2008,0,96.403,5.1997,1
1786379179801,18506,18550,18550,44,3.1215,9.117696,8,19,19,0,,0.0,1775,2028,0,96.4427,5.1991,1
1786379209233,18506,18560,18560,54,3.1181,9.122611,8,19,19,0,,0.0,2943,2033,0,96.5085,5.1998,1
1786379231232,18557,18570,18570,13,3.1168,9.127526,8,19,19,0,,0.0,2200,2033,0,96.5576,5.1997,1
1786379249044,18557,18580,18580,23,3.1035,9.132442,8,19,19,0,,0.0,1781,2028,0,96.5975,5.199,1
1786379266630,18557,18590,18590,33,3.1219,9.137357,8,19,19,0,,0.0,1759,2028,0,96.6368,5.1983,1
1786379284260,18557,18600,18600,43,3.1045,9.142272,8,19,19,0,,0.0,1763,2033,0,96.6762,5.1976,1
1786379350134,18600,18610,18610,10,3.1052,9.147187,8,19,19,0,,0.0,6587,2033,0,96.8235,5.2028,1
1786379404686,18600,18610,18610,10,3.146,9.147187,7,20,19,1,18610,0.0,2079,2033,0,96.9381,5.2089,1
1786379424766,18600,18620,18620,20,3.1013,9.152102,7,20,19,1,18620,0.0,2008,2028,0,96.983,5.2085,1
1786379444839,18600,18630,18630,30,3.1097,9.157018,7,20,19,1,18630,0.0,2007,2028,0,97.0279,5.2082,1
1786379482005,18630,18640,18640,10,3.1054,9.161933,7,20,19,1,18640,0.0,3717,2033,0,97.111,5.2098,1
1786379502534,18630,18650,18650,20,3.0915,9.166848,7,20,19,1,18650,0.0,2053,2033,0,97.1569,5.2095,1
1786379522810,18630,18660,18660,30,3.0611,9.171763,7,20,19,1,18660,0.0,2028,2033,0,97.2022,5.2091,1
1786379543137,18630,18670,18670,40,3.0944,9.176678,7,20,19,1,18670,0.0,2033,2028,0,97.2476,5.2088,1
1786379577027,18630,18680,18680,50,3.1163,9.181594,7,20,19,1,18680,0.0,3389,2028,0,97.3234,5.21,1
1786379602305,18675,18690,18690,15,3.1162,9.186509,7,20,19,1,18690,0.0,2528,2028,0,97.3799,5.2103,1
1786379622633,18675,18700,18700,25,3.1439,9.191424,7,20,19,1,18700,0.0,2033,2033,0,97.4254,5.2099,1
1786379699248,18675,18680,18700,5,3.1128,9.181594,8,20,20,0,,0.0,3459,2028,0,97.5966,5.2247,1
1786379716773,18675,18690,18700,15,3.119,9.186509,8,20,20,0,,0.0,1752,2008,0,97.6358,5.224,1
1786379734208,18675,18700,18700,25,3.1073,9.191424,8,20,20,0,,0.0,1744,2008,0,97.6748,5.2233,1
1786379764699,18675,18710,18710,35,3.1027,9.196339,8,20,20,0,,0.0,3049,2008,0,97.743,5.2241,1
1786379787284,18705,18720,18720,15,3.1514,9.201254,8,20,20,0,,0.0,2258,2028,0,97.7935,5.224,1
1786379805151,18705,18730,18730,25,3.0918,9.20617,8,20,20,0,,0.0,1787,2008,0,97.8334,5.2234,1
1786379822782,18705,18740,18740,35,3.1255,9.211085,8,20,20,0,,0.0,1763,2007,0,97.8728,5.2227,1
1786379840389,18705,18750,18750,45,3.129,9.216,8,20,20,0,,0.0,1761,1796,0,97.9122,5.222,1
1786379871136,18705,18760,18760,55,3.1072,9.220915,8,20,20,0,,0.0,3075,1796,0,97.9809,5.2229,1
1786379894091,18758,18770,18770,12,3.1113,9.22583,8,20,20,0,,0.0,2295,1796,0,98.0322,5.2228,1
1786379911845,18758,18780,18780,22,3.1381,9.230746,8,20,20,0,,0.0,1775,1787,0,98.0719,5.2221,1
1786379929476,18758,18790,18790,32,3.1079,9.235661,8,20,20,0,,0.0,1763,1777,0,98.1113,5.2215,1
1786379947038,18758,18800,18800,42,3.1054,9.240576,8,20,20,0,,0.0,1756,1776,0,98.1506,5.2208,1
1786379964810,18758,18810,18810,52,3.0945,9.245491,8,20,20,0,,0.0,1777,1776,0,98.1903,5.2201,1
1786379998847,18810,18820,18820,10,3.1262,9.250406,8,20,20,0,,0.0,3404,1776,0,98.2664,5.2214,1
1786380016608,18810,18830,18830,20,3.1331,9.255322,8,20,20,0,,0.0,1776,1775,0,98.3061,5.2207,1
1786380034215,18810,18840,18840,30,3.0952,9.260237,8,20,20,0,,0.0,1761,1768,0,98.3455,5.22,1
1786380051836,18810,18850,18850,40,3.123,9.265152,8,20,20,0,,0.0,1762,1768,0,98.3849,5.2194,1
1786380069467,18810,18860,18860,50,3.1002,9.270067,8,20,20,0,,0.0,1763,1775,0,98.4243,5.2187,1
1786380102723,18861,18870,18870,9,3.0781,9.274982,8,20,20,0,,0.0,3326,1775,0,98.4986,5.2199,1
1786380120687,18861,18880,18880,19,3.1058,9.279898,8,20,20,0,,0.0,1796,1768,0,98.5388,5.2192,1
1786380138360,18861,18890,18890,29,3.1383,9.284813,8,20,20,0,,0.0,1767,1767,0,98.5783,5.2185,1
1786380155905,18861,18900,18900,39,3.1008,9.289728,8,20,20,0,,0.0,1755,1767,0,98.6175,5.2179,1
1786380222026,18900,18910,18910,10,3.1115,9.294643,8,20,20,0,,0.0,6612,1768,0,98.7653,5.2229,1
1786380240002,18900,18920,18920,20,3.125,9.299558,8,20,20,0,,0.0,1798,1768,0,98.8055,5.2223,1
1786380257648,18900,18930,18930,30,3.0908,9.304474,8,20,20,0,,0.0,1765,1768,0,98.845,5.2216,1
1786380275324,18900,18940,18940,40,3.1147,9.309389,8,20,20,0,,0.0,1768,1767,0,98.8845,5.2209,1
1786380292953,18900,18950,18950,50,3.1231,9.314304,8,20,20,0,,0.0,1763,1767,0,98.9239,5.2203,1
1786380326723,18952,18960,18960,8,3.1322,9.319219,8,20,20,0,,0.0,3377,1768,0,98.9994,5.2215,1
1786380344704,18952,18970,18970,18,3.1286,9.324134,8,20,20,0,,0.0,1798,1768,0,99.0396,5.2209,1
1786380362342,18952,18980,18980,28,3.0916,9.32905,8,20,20,0,,0.0,1764,1768,0,99.079,5.2202,1
1786380379982,18952,18990,18990,38,3.086,9.333965,8,20,20,0,,0.0,1764,1767,0,99.1185,5.2195,1
1786380397579,18952,19000,19000,48,3.1261,9.33888,8,20,20,0,,0.0,1760,1767,0,99.1578,5.2188,1
1786380426932,18952,19010,19010,58,3.0967,9.343795,8,20,20,0,,0.0,2935,1767,0,99.2234,5.2195,1
1786380449214,19004,19020,19020,16,3.1063,9.34871,8,20,20,0,,0.0,2228,1768,0,99.2732,5.2194,1
1786380466814,19004,19030,19030,26,3.1236,9.353626,8,20,20,0,,0.0,1760,1768,0,99.3126,5.2187,1
1786380484383,19004,19040,19040,36,3.1195,9.358541,8,20,20,0,,0.0,1757,1767,0,99.3519,5.2181,1
1786380501970,19004,19050,19050,46,3.131,9.363456,8,20,20,0,,0.0,1759,1765,0,99.3912,5.2174,1
1786380531309,19004,19060,19060,56,3.1077,9.368371,8,20,20,0,,0.0,2934,1768,0,99.4568,5.2181,1
1786380553686,19056,19070,19070,14,3.1269,9.373286,8,20,20,0,,0.0,2238,1768,0,99.5068,5.218,1
1786380571611,19056,19080,19080,24,3.1058,9.378202,8,20,20,0,,0.0,1792,1766,0,99.5469,5.2173,1
1786380589221,19056,19090,19090,34,3.1174,9.383117,8,20,20,0,,0.0,1761,1766,0,99.5862,5.2167,1
1786380606849,19056,19100,19100,44,3.1226,9.388032,8,20,20,0,,0.0,1763,1766,0,99.6256,5.216,1
1786380635429,19056,19110,19110,54,3.1402,9.392947,8,20,20,0,,0.0,2858,1769,0,99.6895,5.2166,1
1786380657855,19109,19120,19120,11,3.1051,9.397862,8,20,20,0,,0.0,2243,1769,0,99.7397,5.2165,1
1786380675659,19109,19130,19130,21,3.0938,9.402778,8,20,20,0,,0.0,1780,1769,0,99.7795,5.2159,1
1786380693262,19109,19140,19140,31,3.1267,9.407693,8,20,20,0,,0.0,1760,1774,0,99.8188,5.2152,1
1786380710872,19109,19150,19150,41,3.0653,9.412608,8,20,20,0,,0.0,1761,1777,0,99.8582,5.2145,1
1786380728390,19109,19160,19160,51,3.0927,9.417523,8,20,20,0,,0.0,1752,1777,0,99.8973,5.2138,1
1786380762266,19161,19170,19170,9,3.131,9.422438,8,20,20,0,,0.0,3388,1777,0,99.9731,5.2151,1
1786380780033,19161,19180,19180,19,3.1128,9.427354,8,20,20,0,,0.0,1777,1777,0,100.0128,5.2144,1
1786380797630,19161,19190,19190,29,3.0965,9.432269,8,20,20,0,,0.0,1760,1777,0,100.0521,5.2138,1
1786380815255,19161,19200,19200,39,3.0998,9.437184,8,20,20,0,,0.0,1763,1777,0,100.0915,5.2131,1
1786380881601,19200,19210,19210,10,3.1363,9.442099,8,20,20,0,,0.0,6635,1777,0,100.2399,5.2181,1
1786380899533,19200,19220,19220,20,3.1729,9.447014,8,20,20,0,,0.0,1793,1777,0,100.2799,5.2175,1
1786380917197,19200,19230,19230,30,3.1159,9.45193,8,20,20,0,,0.0,1766,1777,0,100.3194,5.2168,1
1786380934828,19200,19240,19240,40,3.145,9.456845,8,20,20,0,,0.0,1763,1774,0,100.3589,5.2162,1
1786380952516,19200,19250,19250,50,3.1289,9.46176,8,20,20,0,,0.0,1769,1774,0,100.3984,5.2155,1
1786380986026,19251,19260,19260,9,3.1306,9.466675,8,20,20,0,,0.0,3351,1777,0,100.4733,5.2167,1
1786381003849,19251,19270,19270,19,3.1067,9.47159,8,20,20,0,,0.0,1782,1777,0,100.5132,5.216,1
1786381021617,19251,19280,19280,29,3.1012,9.476506,8,20,20,0,,0.0,1777,1777,0,100.5529,5.2154,1
1786381039352,19251,19290,19290,39,3.125,9.481421,8,20,20,0,,0.0,1774,1774,0,100.5925,5.2147,1
1786381057193,19251,19300,19300,49,3.1057,9.486336,8,20,20,0,,0.0,1784,1774,0,100.6324,5.2141,1
1786381087917,19302,19310,19310,8,3.1157,9.491251,8,20,20,0,,0.0,3072,1777,0,100.7011,5.215,1
1786381108307,19302,19320,19320,18,3.108,9.496166,8,20,20,0,,0.0,2039,1777,0,100.7467,5.2146,1
1786381125900,19302,19330,19330,28,3.0944,9.501082,8,20,20,0,,0.0,1759,1777,0,100.786,5.214,1
1786381143489,19302,19340,19340,38,3.1038,9.505997,8,20,20,0,,0.0,1759,1777,0,100.8253,5.2133,1
1786381161025,19302,19350,19350,48,3.0831,9.510912,8,20,20,0,,0.0,1754,1777,0,100.8645,5.2126,1
1786381190201,19302,19360,19360,58,3.1241,9.515827,8,20,20,0,,0.0,2918,1777,0,100.9298,5.2133,1
1786381212764,19355,19370,19370,15,3.0914,9.520742,8,20,20,0,,0.0,2256,1777,0,100.9802,5.2132,1
1786381230381,19355,19380,19380,25,3.1044,9.525658,8,20,20,0,,0.0,1762,1776,0,101.0196,5.2126,1
1786381247947,19355,19390,19390,35,3.1106,9.530573,8,20,20,0,,0.0,1757,1776,0,101.0588,5.2119,1
1786381265547,19355,19400,19400,45,3.1054,9.535488,8,20,20,0,,0.0,1760,1776,0,101.0982,5.2112,1
1786381294808,19355,19410,19410,55,3.1156,9.540403,8,20,20,0,,0.0,2926,1777,0,101.1636,5.2119,1
1786381317309,19406,19420,19420,14,3.103,9.545318,8,20,20,0,,0.0,2250,1776,0,101.2139,5.2118,1
1786381335215,19406,19430,19430,24,3.1179,9.550234,8,20,20,0,,0.0,1791,1774,0,101.2539,5.2112,1
1786381352802,19406,19440,19440,34,3.0862,9.555149,8,20,20,0,,0.0,1759,1773,0,101.2933,5.2106,1
1786381370488,19406,19450,19450,44,3.0932,9.560064,8,20,20,0,,0.0,1769,1770,0,101.3328,5.2099,1
1786381399140,19406,19460,19460,54,3.1001,9.564979,8,20,20,0,,0.0,2865,1770,0,101.3968,5.2105,1
1786381421472,19458,19470,19470,12,3.1052,9.569894,8,20,20,0,,0.0,2233,1770,0,101.4468,5.2104,1
1786381439237,19458,19480,19480,22,3.11,9.57481,8,20,20,0,,0.0,1777,1769,0,101.4865,5.2098,1
1786381456810,19458,19490,19490,32,3.1277,9.579725,8,20,20,0,,0.0,1757,1769,0,101.5258,5.2091,1
1786381474388,19458,19500,19500,42,3.0973,9.58464,8,20,20,0,,0.0,1758,1770,0,101.5651,5.2085,1
1786381552826,19500,19510,19510,10,3.1045,9.589555,8,20,20,0,,0.0,7844,1773,0,101.7404,5.2148,1
1786381570584,19500,19520,19520,20,3.1043,9.59447,8,20,20,0,,0.0,1776,1773,0,101.7801,5.2141,1
1786381588199,19500,19530,19530,30,3.062,9.599386,8,20,20,0,,0.0,1761,1773,0,101.8195,5.2135,1
1786381605822,19500,19540,19540,40,3.0868,9.604301,8,20,20,0,,0.0,1762,1773,0,101.8589,5.2128,1
1786381623552,19500,19550,19550,50,3.1016,9.609216,8,20,20,0,,0.0,1773,1773,0,101.8985,5.2122,1
1786381657275,19551,19560,19560,9,3.105,9.614131,8,20,20,0,,0.0,3372,1773,0,101.9739,5.2134,1
1786381674978,19551,19570,19570,19,3.1286,9.619046,8,20,20,0,,0.0,1770,1773,0,102.0135,5.2127,1
1786381692548,19551,19580,19580,29,3.0966,9.623962,8,20,20,0,,0.0,1757,1773,0,102.0528,5.2121,1
1786381710112,19551,19590,19590,39,3.0908,9.628877,8,20,20,0,,0.0,1756,1773,0,102.092,5.2114,1
1786381727717,19551,19600,19600,49,3.1108,9.633792,8,20,20,0,,0.0,1760,1773,0,102.1314,5.2108,1
1786381756619,19551,19610,19610,59,3.0926,9.638707,8,20,20,0,,0.0,2890,1773,0,102.196,5.2114,1
1786381779072,19604,19620,19620,16,3.1366,9.643622,8,20,20,0,,0.0,2245,1773,0,102.2462,5.2113,1
1786381796681,19604,19630,19630,26,3.0912,9.648538,8,20,20,0,,0.0,1761,1773,0,102.2856,5.2107,1
1786381814291,19604,19640,19640,36,3.1249,9.653453,8,20,20,0,,0.0,1761,1770,0,102.3249,5.21,1
1786381832025,19604,19650,19650,46,3.0987,9.658368,8,20,20,0,,0.0,1773,1770,0,102.3646,5.2094,1
1786381860929,19604,19660,19660,56,3.1319,9.663283,8,20,20,0,,0.0,2890,1773,0,102.4292,5.21,1
1786381883296,19656,19670,19670,14,3.1144,9.668198,8,20,20,0,,0.0,2237,1773,0,102.4792,5.2099,1
1786381901091,19656,19680,19680,24,3.0751,9.673114,8,20,20,0,,0.0,1779,1773,0,102.519,5.2093,1
1786381918684,19656,19690,19690,34,3.1104,9.678029,8,20,20,0,,0.0,1759,1773,0,102.5583,5.2086,1
1786381936348,19656,19700,19700,44,3.1309,9.682944,8,20,20,0,,0.0,1766,1773,0,102.5978,5.208,1
1786381965214,19656,19710,19710,54,3.0975,9.687859,8,20,20,0,,0.0,2887,1773,0,102.6623,5.2086,1
1786381987704,19708,19720,19720,12,3.1145,9.692774,8,20,20,0,,0.0,2249,1773,0,102.7126,5.2086,1
1786382005557,19708,19730,19730,22,3.0755,9.69769,8,20,20,0,,0.0,1785,1773,0,102.7525,5.2079,1
1786382023122,19708,19740,19740,32,3.1229,9.702605,8,20,20,0,,0.0,1756,1773,0,102.7918,5.2073,1
1786382040705,19708,19750,19750,42,3.1024,9.70752,8,20,20,0,,0.0,1758,1773,0,102.8311,5.2066,1
1786382069051,19708,19760,19760,52,3.0979,9.712435,8,20,20,0,,0.0,2835,1778,0,102.8945,5.2072,1
1786382091713,19759,19770,19770,11,3.1021,9.71735,8,20,20,0,,0.0,2266,1778,0,102.9451,5.2071,1
1786382109331,19759,19780,19780,21,3.0931,9.722266,8,20,20,0,,0.0,1762,1773,0,102.9845,5.2065,1
1786382126955,19759,19790,19790,31,3.1319,9.727181,8,20,20,0,,0.0,1762,1773,0,103.0239,5.2059,1
1786382144584,19759,19800,19800,41,3.0687,9.732096,8,20,20,0,,0.0,1763,1778,0,103.0633,5.2052,1
1786382210736,19800,19810,19810,10,3.1145,9.737011,8,20,20,0,,0.0,6615,1779,0,103.2112,5.2101,1
1786382228701,19800,19820,19820,20,3.1035,9.741926,8,20,20,0,,0.0,1797,1779,0,103.2514,5.2095,1
1786382246485,19800,19830,19830,30,3.0951,9.746842,8,20,20,0,,0.0,1778,1779,0,103.2911,5.2088,1
1786382264123,19800,19840,19840,40,3.1149,9.751757,8,20,20,0,,0.0,1764,1778,0,103.3306,5.2082,1
1786382281857,19800,19850,19850,50,3.1102,9.756672,8,20,20,0,,0.0,1773,1778,0,103.3702,5.2076,1
1786382312651,19852,19860,19860,8,3.1102,9.761587,8,20,20,0,,0.0,3079,1782,0,103.4391,5.2084,1
1786382332982,19852,19870,19870,18,3.1279,9.766502,8,20,20,0,,0.0,2033,1782,0,103.4845,5.2081,1
1786382350600,19852,19880,19880,28,3.1154,9.771418,8,20,20,0,,0.0,1762,1782,0,103.5239,5.2074,1
1786382368215,19852,19890,19890,38,3.1073,9.776333,8,20,20,0,,0.0,1761,1778,0,103.5633,5.2068,1
1786382385843,19852,19900,19900,48,3.0863,9.781248,8,20,20,0,,0.0,1763,1778,0,103.6027,5.2062,1
1786382414618,19852,19910,19910,58,3.0953,9.786163,8,20,20,0,,0.0,2877,1778,0,103.667,5.2068,1
1786382436876,19905,19920,19920,15,3.0961,9.791078,8,20,20,0,,0.0,2226,1778,0,103.7168,5.2067,1
1786382454552,19905,19930,19930,25,3.1101,9.795994,8,20,20,0,,0.0,1768,1778,0,103.7563,5.206,1
1786382472159,19905,19940,19940,35,3.1203,9.800909,8,20,20,0,,0.0,1761,1778,0,103.7956,5.2054,1
1786382489980,19905,19950,19950,45,3.1159,9.805824,8,20,20,0,,0.0,1782,1778,0,103.8355,5.2048,1
1786382518616,19905,19960,19960,55,3.1272,9.810739,8,20,20,0,,0.0,2864,1782,0,103.8995,5.2054,1
1786382541050,19957,19970,19970,13,3.132,9.815654,8,20,20,0,,0.0,2243,1782,0,103.9496,5.2053,1
1786382558883,19957,19980,19980,23,3.127,9.82057,8,20,20,0,,0.0,1783,1778,0,103.9895,5.2047,1
1786382576507,19957,19990,19990,33,3.0846,9.825485,8,20,20,0,,0.0,1762,1773,0,104.0289,5.204,1
1786382594089,19957,20000,20000,43,3.078,9.8304,8,20,20,0,,0.0,1758,1773,0,104.0682,5.2034,1
1786382622681,19957,20010,20010,53,3.1002,9.835315,8,20,20,0,,0.0,2859,1782,0,104.1321,5.204,1
1786382645389,20009,20020,20020,11,3.1001,9.84023,8,20,20,0,,0.0,2271,1782,0,104.1829,5.2039,1
1786382663325,20009,20030,20030,21,3.1064,9.845146,8,20,20,0,,0.0,1794,1782,0,104.223,5.2033,1
1786382680929,20009,20040,20040,31,3.0886,9.850061,8,20,20,0,,0.0,1760,1783,0,104.2624,5.2027,1
1786382698589,20009,20050,20050,41,3.0848,9.854976,8,20,20,0,,0.0,1766,1784,0,104.3018,5.2021,1
1786382716324,20009,20060,20060,51,3.1184,9.859891,8,20,20,0,,0.0,1773,1788,0,104.3415,5.2015,1
1786382749492,20060,20070,20070,10,3.1071,9.864806,8,20,20,0,,0.0,3317,1784,0,104.4156,5.2026,1
1786382767373,20060,20080,20080,20,3.0988,9.869722,8,20,20,0,,0.0,1788,1783,0,104.4556,5.202,1
1786382784987,20060,20090,20090,30,3.0986,9.874637,8,20,20,0,,0.0,1761,1783,0,104.495,5.2013,1
1786382802634,20060,20100,20100,40,3.096,9.879552,8,20,20,0,,0.0,1765,1784,0,104.5344,5.2007,1
1786382868538,20100,20110,20110,10,3.1315,9.884467,8,20,20,0,,0.0,6590,1788,0,104.6818,5.2055,1
1786382886378,20100,20120,20120,20,3.1016,9.889382,8,20,20,0,,0.0,1784,1784,0,104.7216,5.2049,1
1786382904093,20100,20130,20130,30,3.1302,9.894298,8,20,20,0,,0.0,1772,1783,0,104.7613,5.2042,1
1786382921709,20100,20140,20140,40,3.0751,9.899213,8,20,20,0,,0.0,1762,1779,0,104.8006,5.2036,1
1786382939383,20100,20150,20150,50,3.1173,9.904128,8,20,20,0,,0.0,1767,1784,0,104.8401,5.203,1
1786383021073,20152,20160,20160,8,3.1259,9.909043,6,22,20,1,20160,0.0,2344,1788,0,104.9988,5.2083,1
1786383043578,20152,20170,20170,18,3.1,9.913958,6,22,20,1,20170,0.0,2250,1784,0,105.0491,5.2082,1
1786383077864,20152,20180,20180,28,3.1199,9.918874,6,22,20,1,20180,0.0,3429,1779,0,105.1257,5.2094,1
1786383105594,20179,20190,20190,11,3.1055,9.923789,6,22,20,1,20190,0.0,2773,1773,0,105.1877,5.2099,1
1786383128882,20179,20200,20200,21,3.1048,9.928704,6,22,20,1,20200,0.0,2329,1779,0,105.2398,5.2099,1
1786383201901,20179,20180,20200,1,3.1129,9.918874,8,22,22,0,,0.0,4391,1784,0,105.403,5.2231,1
1786383219374,20179,20190,20200,11,3.1003,9.923789,8,22,22,0,,0.0,1747,1784,0,105.4421,5.2225,1
1786383236745,20179,20200,20200,21,3.0874,9.928704,8,22,22,0,,0.0,1737,1779,0,105.4809,5.2218,1
1786383254110,20179,20210,20210,31,3.0854,9.933619,8,22,22,0,,0.0,1737,1772,0,105.5197,5.2212,1
1786383284316,20212,20220,20220,8,3.1023,9.938534,8,22,22,0,,0.0,3021,1776,0,105.5873,5.2219,1
1786383306821,20212,20230,20230,18,3.1316,9.94345,8,22,22,0,,0.0,2251,1779,0,105.6376,5.2218,1
1786383324614,20212,20240,20240,28,3.0838,9.948365,8,22,22,0,,0.0,1779,1776,0,105.6774,5.2212,1
1786383342140,20212,20250,20250,38,3.0761,9.95328,8,22,22,0,,0.0,1753,1772,0,105.7165,5.2206,1
1786383359658,20212,20260,20260,48,3.091,9.958195,8,22,22,0,,0.0,1752,1776,0,105.7557,5.2199,1
1786383389840,20212,20270,20270,58,3.0994,9.96311,8,22,22,0,,0.0,3018,1776,0,105.8232,5.2207,1
1786383412379,20266,20280,20280,14,3.1157,9.968026,8,22,22,0,,0.0,2254,1776,0,105.8736,5.2206,1
1786383430013,20266,20290,20290,24,3.1096,9.972941,8,22,22,0,,0.0,1763,1775,0,105.913,5.22,1
1786383447648,20266,20300,20300,34,3.1084,9.977856,8,22,22,0,,0.0,1764,1771,0,105.9524,5.2193,1
1786383465248,20266,20310,20310,44,3.1251,9.982771,8,22,22,0,,0.0,1760,1771,0,105.9917,5.2187,1
1786383494077,20266,20320,20320,54,3.0683,9.987686,8,22,22,0,,0.0,2883,1771,0,106.0562,5.2193,1
1786383517673,20318,20330,20330,12,3.1029,9.992602,8,22,22,0,,0.0,2360,1771,0,106.1089,5.2193,1
1786383535326,20318,20340,20340,22,3.0942,9.997517,8,22,22,0,,0.0,1765,1766,0,106.1484,5.2187,1
1786383552868,20318,20350,20350,32,3.1211,10.002432,8,22,22,0,,0.0,1754,1766,0,106.1876,5.2181,1
1786383570477,20318,20360,20360,42,3.1061,10.007347,8,22,22,0,,0.0,1761,1771,0,106.227,5.2174,1
1786383588235,20318,20370,20370,52,3.0711,10.012262,8,22,22,0,,0.0,1776,1771,0,106.2667,5.2168,1
1786383621347,20370,20380,20380,10,3.1066,10.017178,8,22,22,0,,0.0,3311,1771,0,106.3407,5.2179,1
1786383639055,20370,20390,20390,20,3.1089,10.022093,8,22,22,0,,0.0,1771,1771,0,106.3803,5.2173,1
1786383656716,20370,20400,20400,30,3.1101,10.027008,8,22,22,0,,0.0,1766,1771,0,106.4198,5.2167,1
1786383723001,20402,20410,20410,8,3.0878,10.031923,8,22,22,0,,0.0,6628,1771,0,106.568,5.2214,1
1786383740753,20402,20420,20420,18,3.1326,10.036838,8,22,22,0,,0.0,1775,1773,0,106.6077,5.2207,1
1786383758467,20402,20430,20430,28,3.1229,10.041754,8,22,22,0,,0.0,1771,1773,0,106.6473,5.2201,1
1786383776051,20402,20440,20440,38,3.0972,10.046669,8,22,22,0,,0.0,1758,1771,0,106.6866,5.2195,1
1786383793643,20402,20450,20450,48,3.106,10.051584,8,22,22,0,,0.0,1759,1771,0,106.7259,5.2189,1
1786383822487,20402,20460,20460,58,3.0826,10.056499,8,22,22,0,,0.0,2884,1773,0,106.7904,5.2195,1
1786383844794,20454,20470,20470,16,3.0918,10.061414,8,22,22,0,,0.0,2231,1775,0,106.8402,5.2194,1
1786383862399,20454,20480,20480,26,3.0651,10.06633,8,22,22,0,,0.0,1761,1775,0,106.8796,5.2187,1
1786383879920,20454,20490,20490,36,3.0807,10.071245,8,22,22,0,,0.0,1752,1773,0,106.9188,5.2181,1
1786383897475,20454,20500,20500,46,3.1205,10.07616,8,22,22,0,,0.0,1756,1773,0,106.958,5.2175,1
1786383926252,20454,20510,20510,56,3.1039,10.081075,8,22,22,0,,0.0,2878,1773,0,107.0223,5.2181,1
1786383948714,20506,20520,20520,14,3.0988,10.08599,8,22,22,0,,0.0,2246,1775,0,107.0726,5.218,1
1786383966621,20506,20530,20530,24,3.0963,10.090906,8,22,22,0,,0.0,1791,1775,0,107.1126,5.2174,1
1786383984348,20506,20540,20540,34,3.0821,10.095821,8,22,22,0,,0.0,1773,1773,0,107.1522,5.2168,1
1786384001967,20506,20550,20550,44,3.1138,10.100736,8,22,22,0,,0.0,1762,1773,0,107.1916,5.2161,1
1786384030694,20506,20560,20560,54,3.1218,10.105651,8,22,22,0,,0.0,2873,1775,0,107.2558,5.2167,1
1786384053338,20558,20570,20570,12,3.108,10.110566,8,22,22,0,,0.0,2264,1775,0,107.3065,5.2166,1
1786384071287,20558,20580,20580,22,3.1146,10.115482,8,22,22,0,,0.0,1795,1773,0,107.3466,5.2161,1
1786384088898,20558,20590,20590,32,3.1114,10.120397,8,22,22,0,,0.0,1761,1773,0,107.386,5.2154,1
1786384106486,20558,20600,20600,42,3.1125,10.125312,8,22,22,0,,0.0,1759,1773,0,107.4253,5.2148,1
1786384124473,20558,20610,20610,52,3.1102,10.130227,8,22,22,0,,0.0,1799,1782,0,107.4655,5.2142,1
1786384157944,20610,20620,20620,10,3.1056,10.135142,8,22,22,0,,0.0,3347,1782,0,107.5403,5.2153,1
1786384175763,20610,20630,20630,20,3.0939,10.140058,8,22,22,0,,0.0,1782,1773,0,107.5801,5.2147,1
1786384193326,20610,20640,20640,30,3.1044,10.144973,8,22,22,0,,0.0,1756,1773,0,107.6194,5.2141,1
1786384210909,20610,20650,20650,40,3.1266,10.149888,8,22,22,0,,0.0,1758,1773,0,107.6587,5.2135,1
1786384228461,20610,20660,20660,50,3.0858,10.154803,8,22,22,0,,0.0,1755,1782,0,107.698,5.2129,1
1786384259275,20662,20670,20670,8,3.0949,10.159718,8,22,22,0,,0.0,3081,1782,0,107.7668,5.2137,1
1786384280286,20662,20680,20680,18,3.0951,10.164634,8,22,22,0,,0.0,2101,1773,0,107.8138,5.2134,1
1786384297869,20662,20690,20690,28,3.0973,10.169549,8,22,22,0,,0.0,1758,1762,0,107.8531,5.2128,1
1786384315433,20662,20700,20700,38,3.125,10.174464,8,22,22,0,,0.0,1756,1762,0,107.8924,5.2122,1
1786384381497,20700,20710,20710,10,3.1284,10.179379,8,22,22,0,,0.0,6606,1762,0,108.0401,5.2168,1
1786384399347,20700,20720,20720,20,3.123,10.184294,8,22,22,0,,0.0,1785,1762,0,108.08,5.2162,1
1786384416940,20700,20730,20730,30,3.1038,10.18921,8,22,22,0,,0.0,1759,1762,0,108.1193,5.2156,1
1786384434562,20700,20740,20740,40,3.0602,10.194125,8,22,22,0,,0.0,1762,1762,0,108.1587,5.215,1
1786384452184,20700,20750,20750,50,3.1083,10.19904,8,22,22,0,,0.0,1762,1762,0,108.1981,5.2144,1
1786384481917,20752,20760,20760,8,3.1154,10.203955,8,22,22,0,,0.0,2973,1762,0,108.2646,5.2151,1
1786384503170,20752,20770,20770,18,3.0978,10.20887,8,22,22,0,,0.0,2125,1762,0,108.3121,5.2148,1
1786384520716,20752,20780,20780,28,3.1368,10.213786,8,22,22,0,,0.0,1755,1762,0,108.3513,5.2142,1
1786384538323,20752,20790,20790,38,3.1089,10.218701,8,22,22,0,,0.0,1761,1762,0,108.3907,5.2136,1
1786384555896,20752,20800,20800,48,3.0967,10.223616,8,22,22,0,,0.0,1757,1762,0,108.43,5.213,1
1786384585043,20752,20810,20810,58,3.0995,10.228531,8,22,22,0,,0.0,2915,1762,0,108.4951,5.2136,1
1786384607366,20805,20820,20820,15,3.1035,10.233446,8,22,22,0,,0.0,2232,1764,0,108.545,5.2135,1
1786384624978,20805,20830,20830,25,3.1018,10.238362,8,22,22,0,,0.0,1761,1764,0,108.5844,5.2129,1
1786384642584,20805,20840,20840,35,3.1071,10.243277,8,22,22,0,,0.0,1761,1762,0,108.6237,5.2123,1
1786384660179,20805,20850,20850,45,3.0564,10.248192,8,22,22,0,,0.0,1759,1762,0,108.6631,5.2117,1
1786384689370,20805,20860,20860,55,3.1018,10.253107,8,22,22,0,,0.0,2919,1764,0,108.7283,5.2123,1
1786384711812,20857,20870,20870,13,3.0937,10.258022,8,22,22,0,,0.0,2244,1764,0,108.7785,5.2122,1
1786384729840,20857,20880,20880,23,3.0793,10.262938,8,22,22,0,,0.0,1803,1762,0,108.8188,5.2116,1
1786384747451,20857,20890,20890,33,3.1181,10.267853,8,22,22,0,,0.0,1761,1762,0,108.8582,5.211,1
1786384765063,20857,20900,20900,43,3.0982,10.272768,8,22,22,0,,0.0,1761,1762,0,108.8976,5.2104,1
1786384793584,20857,20910,20910,53,3.1224,10.277683,8,22,22,0,,0.0,2852,1764,0,108.9613,5.211,1
1786384816135,20909,20920,20920,11,3.1084,10.282598,8,22,22,0,,0.0,2255,1764,0,109.0117,5.2109,1
1786384833881,20909,20930,20930,21,3.0952,10.287514,8,22,22,0,,0.0,1775,1761,0,109.0514,5.2103,1
1786384851488,20909,20940,20940,31,3.1235,10.292429,8,22,22,0,,0.0,1761,1761,0,109.0908,5.2097,1
1786384869092,20909,20950,20950,41,3.1181,10.297344,8,22,22,0,,0.0,1760,1761,0,109.1301,5.2091,1
1786384886735,20909,20960,20960,51,3.119,10.302259,8,22,22,0,,0.0,1764,1764,0,109.1696,5.2085,1
1786384918678,20962,20970,20970,8,3.0893,10.307174,8,22,22,0,,0.0,3194,1764,0,109.241,5.2094,1
1786384938003,20962,20980,20980,18,3.111,10.31209,8,22,22,0,,0.0,1933,1764,0,109.2842,5.209,1
1786384955555,20962,20990,20990,28,3.0721,10.317005,8,22,22,0,,0.0,1755,1764,0,109.3234,5.2084,1
1786384973102,20962,21000,21000,38,3.0873,10.32192,8,22,22,0,,0.0,1755,1764,0,109.3626,5.2077,1
1786385042955,21000,21010,21010,10,3.1056,10.326835,8,22,22,0,,0.0,6985,1775,0,109.5188,5.2127,1
1786385060732,21000,21020,21020,20,3.1113,10.33175,8,22,22,0,,0.0,1778,1775,0,109.5585,5.2121,1
1786385078328,21000,21030,21030,30,3.1216,10.336666,8,22,22,0,,0.0,1760,1775,0,109.5979,5.2115,1
1786385095897,21000,21040,21040,40,3.1421,10.341581,8,22,22,0,,0.0,1757,1766,0,109.6372,5.2109,1
1786385113512,21000,21050,21050,50,3.0865,10.346496,8,22,22,0,,0.0,1761,1766,0,109.6765,5.2103,1
1786385144374,21052,21060,21060,8,3.0896,10.351411,8,22,22,0,,0.0,3086,1775,0,109.7455,5.2111,1
1786385165085,21052,21070,21070,18,3.0895,10.356326,8,22,22,0,,0.0,2071,1775,0,109.7918,5.2108,1
1786385182666,21052,21080,21080,28,3.0764,10.361242,8,22,22,0,,0.0,1758,1775,0,109.8311,5.2102,1
1786385200232,21052,21090,21090,38,3.1471,10.366157,8,22,22,0,,0.0,1757,1778,0,109.8704,5.2096,1
1786385217740,21052,21100,21100,48,3.1043,10.371072,8,22,22,0,,0.0,1751,1778,0,109.9095,5.209,1
1786385246742,21052,21110,21110,58,3.0986,10.375987,8,22,22,0,,0.0,2900,1778,0,109.9744,5.2096,1
1786385269020,21105,21120,21120,15,3.0846,10.380902,8,22,22,0,,0.0,2228,1784,0,110.0242,5.2095,1
1786385287012,21105,21130,21130,25,3.0842,10.385818,8,22,22,0,,0.0,1799,1784,0,110.0644,5.2089,1
1786385304613,21105,21140,21140,35,3.0892,10.390733,8,22,22,0,,0.0,1760,1778,0,110.1038,5.2083,1
1786385322211,21105,21150,21150,45,3.1212,10.395648,8,22,22,0,,0.0,1760,1778,0,110.1431,5.2077,1
1786385351248,21105,21160,21160,55,3.113,10.400563,8,22,22,0,,0.0,2904,1784,0,110.208,5.2083,1
1786385373212,21157,21170,21170,13,3.0805,10.405478,8,22,22,0,,0.0,2196,1778,0,110.2571,5.2082,1
1786385391100,21157,21180,21180,23,3.0798,10.410394,8,22,22,0,,0.0,1789,1778,0,110.2971,5.2076,1
1786385408764,21157,21190,21190,33,3.1261,10.415309,8,22,22,0,,0.0,1766,1778,0,110.3366,5.207,1
1786385426344,21157,21200,21200,43,3.1199,10.420224,8,22,22,0,,0.0,1758,1778,0,110.3759,5.2064,1
1786385454750,21157,21210,21210,53,3.093,10.425139,8,22,22,0,,0.0,2841,1784,0,110.4394,5.2069,1
1786385477621,21209,21220,21220,11,3.1157,10.430054,8,22,22,0,,0.0,2287,1784,0,110.4905,5.2069,1
1786385495601,21209,21230,21230,21,3.1135,10.43497,8,22,22,0,,0.0,1798,1778,0,110.5307,5.2063,1
1786385513439,21209,21240,21240,31,3.0988,10.439885,8,22,22,0,,0.0,1784,1778,0,110.5706,5.2058,1
1786385530996,21209,21250,21250,41,3.1164,10.4448,8,22,22,0,,0.0,1756,1778,0,110.6098,5.2052,1
1786385548569,21209,21260,21260,51,3.0946,10.449715,8,22,22,0,,0.0,1757,1784,0,110.6491,5.2046,1
1786385583122,21261,21270,21270,9,3.1118,10.45463,8,22,22,0,,0.0,3455,1784,0,110.7264,5.2058,1
1786385600996,21261,21280,21280,19,3.1344,10.459546,8,22,22,0,,0.0,1787,1778,0,110.7663,5.2052,1
1786385618571,21261,21290,21290,29,3.0793,10.464461,8,22,22,0,,0.0,1757,1778,0,110.8056,5.2046,1
1786385636166,21261,21300,21300,39,3.1248,10.469376,8,22,22,0,,0.0,1760,1778,0,110.845,5.204,1
1786385702013,21300,21310,21310,10,3.111,10.474291,8,22,22,0,,0.0,6585,1778,0,110.9922,5.2085,1
1786385719797,21300,21320,21320,20,3.0916,10.479206,8,22,22,0,,0.0,1778,1778,0,111.0319,5.2079,1
1786385737439,21300,21330,21330,30,3.116,10.484122,8,22,22,0,,0.0,1764,1778,0,111.0714,5.2073,1
1786385755051,21300,21340,21340,40,3.0861,10.489037,8,22,22,0,,0.0,1761,1776,0,111.1107,5.2067,1
1786385772639,21300,21350,21350,50,3.1067,10.493952,8,22,22,0,,0.0,1759,1776,0,111.15,5.2061,1
1786385806280,21352,21360,21360,8,3.0995,10.498867,8,22,22,0,,0.0,3364,1778,0,111.2253,5.2072,1
1786385824405,21352,21370,21370,18,3.1103,10.503782,8,22,22,0,,0.0,1813,1778,0,111.2658,5.2066,1
1786385842186,21352,21380,21380,28,3.1047,10.508698,8,22,22,0,,0.0,1778,1778,0,111.3055,5.2061,1
1786385859778,21352,21390,21390,38,3.0973,10.513613,8,22,22,0,,0.0,1759,1776,0,111.3449,5.2055,1
1786385877453,21352,21400,21400,48,3.1085,10.518528,8,22,22,0,,0.0,1767,1767,0,111.3844,5.2049,1
1786385906273,21352,21410,21410,58,3.0991,10.523443,8,22,22,0,,0.0,2882,1767,0,111.4488,5.2055,1
1786385928533,21404,21420,21420,16,3.0899,10.528358,8,22,22,0,,0.0,2226,1776,0,111.4986,5.2053,1
1786385946111,21404,21430,21430,26,3.1255,10.533274,8,22,22,0,,0.0,1758,1776,0,111.5379,5.2048,1
1786385963736,21404,21440,21440,36,3.1096,10.538189,8,22,22,0,,0.0,1763,1767,0,111.5773,5.2042,1
1786385981326,21404,21450,21450,46,3.0982,10.543104,8,22,22,0,,0.0,1759,1767,0,111.6166,5.2036,1
1786386010262,21404,21460,21460,56,3.0973,10.548019,8,22,22,0,,0.0,2894,1776,0,111.6813,5.2042,1
1786386033015,21456,21470,21470,14,3.0862,10.552934,8,22,22,0,,0.0,2275,1771,0,111.7321,5.2041,1
1786386050777,21456,21480,21480,24,3.0979,10.55785,8,22,22,0,,0.0,1776,1770,0,111.7718,5.2035,1
1786386068424,21456,21490,21490,34,3.0942,10.562765,8,22,22,0,,0.0,1765,1770,0,111.8113,5.2029,1
1786386086062,21456,21500,21500,44,3.0833,10.56768,8,22,22,0,,0.0,1764,1770,0,111.8507,5.2024,1
1786386114584,21456,21510,21510,54,3.0798,10.572595,8,22,22,0,,0.0,2852,1771,0,111.9145,5.2029,1
1786386137067,21508,21520,21520,12,3.1067,10.57751,8,22,22,0,,0.0,2248,1771,0,111.9647,5.2028,1
1786386154884,21508,21530,21530,22,3.0849,10.582426,8,22,22,0,,0.0,1782,1770,0,112.0046,5.2023,1
1786386172480,21508,21540,21540,32,3.1158,10.587341,8,22,22,0,,0.0,1760,1767,0,112.0439,5.2017,1
1786386190034,21508,21550,21550,42,3.1106,10.592256,8,22,22,0,,0.0,1755,1767,0,112.0832,5.2011,1
1786386207626,21508,21560,21560,52,3.1113,10.597171,8,22,22,0,,0.0,1759,1770,0,112.1225,5.2005,1
1786386239015,21562,21570,21570,8,3.1038,10.602086,8,22,22,0,,0.0,3139,1770,0,112.1927,5.2013,1
1786386258907,21562,21580,21580,18,3.1145,10.607002,8,22,22,0,,0.0,1989,1770,0,112.2371,5.201,1
1786386276524,21562,21590,21590,28,3.0883,10.611917,8,22,22,0,,0.0,1762,1771,0,112.2765,5.2004,1
1786386294183,21562,21600,21600,38,3.1256,10.616832,8,22,22,0,,0.0,1766,1776,0,112.316,5.1998,1
1786386362298,21600,21610,21610,10,3.0907,10.621747,8,22,22,0,,0.0,6812,1782,0,112.4683,5.2045,1
1786386380006,21600,21620,21620,20,3.0827,10.626662,8,22,22,0,,0.0,1771,1782,0,112.5079,5.2039,1
1786386397708,21600,21630,21630,30,3.1075,10.631578,8,22,22,0,,0.0,1770,1782,0,112.5474,5.2033,1
1786386415329,21600,21640,21640,40,3.0602,10.636493,8,22,22,0,,0.0,1762,1869,0,112.5868,5.2027,1
1786386432928,21600,21650,21650,50,3.0838,10.641408,8,22,22,0,,0.0,1760,1948,0,112.6262,5.2021,1
1786386465952,21652,21660,21660,8,3.0921,10.646323,8,22,22,0,,0.0,3302,1948,0,112.7,5.2031,1
1786386484642,21652,21670,21670,18,3.0785,10.651238,8,22,22,0,,0.0,1869,1869,0,112.7418,5.2027,1
1786386502203,21652,21680,21680,28,3.0732,10.656154,8,22,22,0,,0.0,1756,1869,0,112.781,5.2021,1
1786386519843,21652,21690,21690,38,3.0942,10.661069,8,22,22,0,,0.0,1764,1948,0,112.8205,5.2015,1
1786386537502,21652,21700,21700,48,3.1116,10.665984,8,22,22,0,,0.0,1766,1948,0,112.8599,5.2009,1
1786386566419,21652,21710,21710,58,3.1085,10.670899,8,22,22,0,,0.0,2892,1948,0,112.9246,5.2015,1
1786386605446,21704,21710,21710,6,3.1136,10.670899,7,23,22,1,21710,0.0,2112,1948,0,113.0047,5.2052,1
1786386625458,21704,21720,21720,16,3.0906,10.675814,7,23,22,1,21720,0.0,2001,1869,0,113.0494,5.2049,1
1786386645385,21704,21730,21730,26,3.1036,10.68073,7,23,22,1,21730,0.0,1993,1869,0,113.094,5.2045,1
1786386677773,21734,21740,21740,6,3.1135,10.685645,7,23,22,1,21740,0.0,3239,1948,0,113.1664,5.2054,1
1786386703237,21734,21750,21750,16,3.0922,10.69056,7,23,22,1,21750,0.0,2546,1948,0,113.2233,5.2057,1
1786386723315,21734,21760,21760,26,3.0714,10.695475,7,23,22,1,21760,0.0,2008,1869,0,113.2682,5.2053,1
1786386743397,21734,21770,21770,36,3.0706,10.70039,7,23,22,1,21770,0.0,2008,1869,0,113.3131,5.205,1
1786386763704,21734,21780,21780,46,3.0965,10.705306,7,23,22,1,21780,0.0,2031,1948,0,113.3585,5.2047,1
1786386838992,21734,21740,21780,6,3.0714,10.685645,8,23,23,0,,0.0,1948,1993,0,113.5268,5.222,1
1786386856292,21734,21750,21780,16,3.0819,10.69056,8,23,23,0,,0.0,1730,1993,0,113.5655,5.2214,1
1786386873690,21734,21760,21780,26,3.1071,10.695475,8,23,23,0,,0.0,1740,1993,0,113.6044,5.2208,1
1786386904158,21734,21770,21780,36,3.112,10.70039,8,23,23,0,,0.0,3047,2001,0,113.6725,5.2215,1
1786386926815,21768,21780,21780,12,3.0866,10.705306,8,23,23,0,,0.0,2266,2001,0,113.7231,5.2214,1
1786386944694,21768,21790,21790,22,3.0882,10.710221,8,23,23,0,,0.0,1788,2001,0,113.7631,5.2209,1
1786386962249,21768,21800,21800,32,3.1347,10.715136,8,23,23,0,,0.0,1756,2001,0,113.8023,5.2203,1
1786386979794,21768,21810,21810,42,3.0844,10.720051,8,23,23,0,,0.0,1754,2001,0,113.8416,5.2197,1
1786386997225,21768,21820,21820,52,3.0961,10.724966,8,23,23,0,,0.0,1743,2001,0,113.8805,5.2191,1
1786387027506,21768,21830,21830,62,3.1145,10.729882,8,23,23,0,,0.0,3028,1993,0,113.9482,5.2198,1
1786387049859,21822,21840,21840,18,3.0984,10.734797,8,23,23,0,,0.0,2235,1948,0,113.9982,5.2197,1
1786387067406,21822,21850,21850,28,3.091,10.739712,8,23,23,0,,0.0,1755,1788,0,114.0374,5.2191,1
1786387084996,21822,21860,21860,38,3.1427,10.744627,8,23,23,0,,0.0,1759,1782,0,114.0767,5.2185,1
1786387102564,21822,21870,21870,48,3.1294,10.749542,8,23,23,0,,0.0,1757,1782,0,114.116,5.2179,1
1786387131564,21822,21880,21880,58,3.074,10.754458,8,23,23,0,,0.0,2900,1782,0,114.1809,5.2185,1
1786387153873,21876,21890,21890,14,3.0905,10.759373,8,23,23,0,,0.0,2231,1774,0,114.2307,5.2184,1
1786387171539,21876,21900,21900,24,3.0914,10.764288,8,23,23,0,,0.0,1767,1767,0,114.2702,5.2178,1
1786387233328,21876,21910,21910,34,3.0911,10.769203,8,23,23,0,,0.0,6179,1767,0,114.4084,5.2217,1
1786387255502,21907,21920,21920,13,3.0813,10.774118,8,23,23,0,,0.0,2217,1774,0,114.4579,5.2216,1
1786387273321,21907,21930,21930,23,3.1503,10.779034,8,23,23,0,,0.0,1782,1774,0,114.4978,5.2211,1
1786387290885,21907,21940,21940,33,3.0643,10.783949,8,23,23,0,,0.0,1756,1774,0,114.537,5.2205,1
1786387308420,21907,21950,21950,43,3.0991,10.788864,8,23,23,0,,0.0,1753,1767,0,114.5762,5.2199,1
1786387336622,21907,21960,21960,53,3.1218,10.793779,8,23,23,0,,0.0,2820,1767,0,114.6393,5.2204,1
1786387358900,21959,21970,21970,11,3.0817,10.798694,8,23,23,0,,0.0,2228,1774,0,114.6891,5.2203,1
1786387376509,21959,21980,21980,21,3.0831,10.80361,8,23,23,0,,0.0,1761,1780,0,114.7284,5.2197,1
1786387394086,21959,21990,21990,31,3.1047,10.808525,8,23,23,0,,0.0,1758,1774,0,114.7677,5.2191,1
1786387411624,21959,22000,22000,41,3.1171,10.81344,8,23,23,0,,0.0,1754,1767,0,114.8069,5.2185,1
1786387429186,21959,22010,22010,51,3.0771,10.818355,8,23,23,0,,0.0,1756,1767,0,114.8462,5.2179,1
1786387459157,22012,22020,22020,8,3.115,10.82327,8,23,23,0,,0.0,2997,1767,0,114.9132,5.2186,1
1786387481811,22012,22030,22030,18,3.0881,10.828186,8,23,23,0,,0.0,2265,1774,0,114.9639,5.2185,1
1786387499554,22012,22040,22040,28,3.1209,10.833101,8,23,23,0,,0.0,1774,1767,0,115.0035,5.2179,1
1786387517148,22012,22050,22050,38,3.1124,10.838016,8,23,23,0,,0.0,1759,1767,0,115.0428,5.2174,1
1786387534765,22012,22060,22060,48,3.122,10.842931,8,23,23,0,,0.0,1762,1767,0,115.0822,5.2168,1
1786387564620,22012,22070,22070,58,3.1207,10.847846,8,23,23,0,,0.0,2986,1766,0,115.149,5.2174,1
1786387587190,22065,22080,22080,15,3.1199,10.852762,8,23,23,0,,0.0,2257,1766,0,115.1994,5.2174,1
1786387604990,22065,22090,22090,25,3.1252,10.857677,8,23,23,0,,0.0,1780,1765,0,115.2392,5.2168,1
1786387622575,22065,22100,22100,35,3.1015,10.862592,8,23,23,0,,0.0,1759,1765,0,115.2785,5.2162,1
1786387640104,22065,22110,22110,45,3.0524,10.867507,8,23,23,0,,0.0,1753,1766,0,115.3177,5.2156,1
1786387669058,22065,22120,22120,55,3.114,10.872422,8,23,23,0,,0.0,2895,1766,0,115.3825,5.2162,1
1786387691452,22117,22130,22130,13,3.1058,10.877338,8,23,23,0,,0.0,2239,1765,0,115.4325,5.2161,1
1786387709123,22117,22140,22140,23,3.0908,10.882253,8,23,23,0,,0.0,1767,1765,0,115.472,5.2155,1
1786387726626,22117,22150,22150,33,3.0876,10.887168,8,23,23,0,,0.0,1750,1765,0,115.5111,5.215,1
1786387744134,22117,22160,22160,43,3.0891,10.892083,8,23,23,0,,0.0,1751,1766,0,115.5503,5.2144,1
1786387761792,22117,22170,22170,53,3.1054,10.896998,8,23,23,0,,0.0,1766,1766,0,115.5898,5.2138,1
1786387795115,22170,22180,22180,10,3.0966,10.901914,8,23,23,0,,0.0,3332,1766,0,115.6643,5.2148,1
1786387812764,22170,22190,22190,20,3.1088,10.906829,8,23,23,0,,0.0,1765,1766,0,115.7037,5.2142,1
1786387830277,22170,22200,22200,30,3.0755,10.911744,8,23,23,0,,0.0,1751,1765,0,115.7429,5.2136,1
1786387896778,22201,22210,22210,9,3.0902,10.916659,8,23,23,0,,0.0,6650,1766,0,115.8915,5.218,1
1786387914435,22201,22220,22220,19,3.067,10.921574,8,23,23,0,,0.0,1766,1766,0,115.931,5.2174,1
1786387931949,22201,22230,22230,29,3.0991,10.92649,8,23,23,0,,0.0,1751,1766,0,115.9702,5.2168,1
1786387949456,22201,22240,22240,39,3.1134,10.931405,8,23,23,0,,0.0,1751,1766,0,116.0093,5.2162,1
1786387967022,22201,22250,22250,49,3.1029,10.93632,8,23,23,0,,0.0,1757,1765,0,116.0486,5.2157,1
1786387995666,22201,22260,22260,59,3.0705,10.941235,8,23,23,0,,0.0,2864,1766,0,116.1126,5.2162,1
1786388017790,22253,22270,22270,17,3.1005,10.94615,8,23,23,0,,0.0,2212,1766,0,116.1621,5.2161,1
1786388035316,22253,22280,22280,27,3.1058,10.951066,8,23,23,0,,0.0,1753,1766,0,116.2012,5.2155,1
1786388052859,22253,22290,22290,37,3.0841,10.955981,8,23,23,0,,0.0,1754,1765,0,116.2405,5.2149,1
1786388070413,22253,22300,22300,47,3.1125,10.960896,8,23,23,0,,0.0,1755,1764,0,116.2797,5.2143,1
1786388100222,22253,22310,22310,57,3.1066,10.965811,8,23,23,0,,0.0,2981,1764,0,116.3463,5.215,1
1786388122657,22306,22320,22320,14,3.0739,10.970726,8,23,23,0,,0.0,2243,1765,0,116.3965,5.2149,1
1786388140487,22306,22330,22330,24,3.0946,10.975642,8,23,23,0,,0.0,1783,1765,0,116.4364,5.2143,1
1786388158023,22306,22340,22340,34,3.0746,10.980557,8,23,23,0,,0.0,1754,1764,0,116.4756,5.2138,1
1786388175604,22306,22350,22350,44,3.0753,10.985472,8,23,23,0,,0.0,1758,1759,0,116.5149,5.2132,1
1786388204323,22306,22360,22360,54,3.1171,10.990387,8,23,23,0,,0.0,2872,1764,0,116.5791,5.2137,1
1786388226760,22358,22370,22370,12,3.0905,10.995302,8,23,23,0,,0.0,2244,1764,0,116.6292,5.2136,1
1786388244723,22358,22380,22380,22,3.1,11.000218,8,23,23,0,,0.0,1796,1759,0,116.6694,5.2131,1
1786388262312,22358,22390,22390,32,3.1143,11.005133,8,23,23,0,,0.0,1759,1759,0,116.7087,5.2125,1
1786388279818,22358,22400,22400,42,3.0966,11.010048,8,23,23,0,,0.0,1751,1759,0,116.7478,5.212,1
1786388297524,22358,22410,22410,52,3.1483,11.014963,8,23,23,0,,0.0,1771,1764,0,116.7874,5.2114,1
1786388330646,22410,22420,22420,10,3.0946,11.019878,8,23,23,0,,0.0,3312,1764,0,116.8615,5.2124,1
1786388348290,22410,22430,22430,20,3.1201,11.024794,8,23,23,0,,0.0,1764,1759,0,116.9009,5.2118,1
1786388365776,22410,22440,22440,30,3.1104,11.029709,8,23,23,0,,0.0,1749,1759,0,116.94,5.2112,1
1786388383303,22410,22450,22450,40,3.1002,11.034624,8,23,23,0,,0.0,1753,1759,0,116.9792,5.2107,1
1786388400867,22410,22460,22460,50,3.1116,11.039539,8,23,23,0,,0.0,1756,1764,0,117.0185,5.2101,1
1786388429922,22463,22470,22470,7,3.0852,11.044454,8,23,23,0,,0.0,2905,1764,0,117.0834,5.2107,1
1786388452009,22463,22480,22480,17,3.0609,11.04937,8,23,23,0,,0.0,2209,1764,0,117.1328,5.2105,1
1786388469513,22463,22490,22490,27,3.063,11.054285,8,23,23,0,,0.0,1750,1759,0,117.1719,5.21,1
1786388487007,22463,22500,22500,37,3.1053,11.0592,8,23,23,0,,0.0,1749,1759,0,117.211,5.2094,1
1786388557998,22500,22510,22510,10,3.1204,11.064115,8,23,23,0,,0.0,7099,1764,0,117.3697,5.2141,1
1786388575702,22500,22520,22520,20,3.0852,11.06903,8,23,23,0,,0.0,1770,1764,0,117.4093,5.2136,1
1786388593214,22500,22530,22530,30,3.0719,11.073946,8,23,23,0,,0.0,1751,1764,0,117.4485,5.213,1
1786388610789,22500,22540,22540,40,3.0773,11.078861,8,23,23,0,,0.0,1758,1759,0,117.4877,5.2124,1
1786388628347,22500,22550,22550,50,3.1213,11.083776,8,23,23,0,,0.0,1756,1758,0,117.527,5.2118,1
1786388656951,22500,22560,22560,60,3.0873,11.088691,8,23,23,0,,0.0,2860,1758,0,117.5909,5.2124,1
1786388679084,22553,22570,22570,17,3.0864,11.093606,8,23,23,0,,0.0,2213,1758,0,117.6404,5.2122,1
1786388696616,22553,22580,22580,27,3.1086,11.098522,8,23,23,0,,0.0,1753,1758,0,117.6796,5.2117,1
1786388714165,22553,22590,22590,37,3.108,11.103437,8,23,23,0,,0.0,1755,1757,0,117.7188,5.2111,1
1786388731685,22553,22600,22600,47,3.101,11.108352,8,23,23,0,,0.0,1752,1757,0,117.758,5.2105,1
1786388760936,22553,22610,22610,57,3.0993,11.113267,8,23,23,0,,0.0,2925,1757,0,117.8234,5.2111,1
1786388783176,22607,22620,22620,13,3.0886,11.118182,8,23,23,0,,0.0,2224,1758,0,117.8731,5.211,1
1786388800843,22607,22630,22630,23,3.115,11.123098,8,23,23,0,,0.0,1767,1758,0,117.9126,5.2105,1
1786388818393,22607,22640,22640,33,3.1241,11.128013,8,23,23,0,,0.0,1755,1757,0,117.9519,5.2099,1
1786388835931,22607,22650,22650,43,3.0586,11.132928,8,23,23,0,,0.0,1754,1758,0,117.9911,5.2093,1
1786388853736,22607,22660,22660,53,3.0964,11.137843,8,23,23,0,,0.0,1781,1758,0,118.0309,5.2088,1
1786388887487,22660,22670,22670,10,3.0809,11.142758,8,23,23,0,,0.0,3375,1758,0,118.1063,5.2098,1
1786388905375,22660,22680,22680,20,3.109,11.147674,8,23,23,0,,0.0,1789,1758,0,118.1463,5.2093,1
1786388922945,22660,22690,22690,30,3.079,11.152589,8,23,23,0,,0.0,1757,1758,0,118.1856,5.2087,1
1786388940467,22660,22700,22700,40,3.0601,11.157504,8,23,23,0,,0.0,1752,1758,0,118.2248,5.2081,1
1786388957978,22660,22710,22710,50,3.0945,11.162419,8,23,23,0,,0.0,1751,1759,0,118.2639,5.2076,1
1786388990163,22712,22720,22720,8,3.1136,11.167334,8,23,23,0,,0.0,3219,1759,0,118.3359,5.2084,1
1786389009395,22712,22730,22730,18,3.1039,11.17225,8,23,23,0,,0.0,1923,1758,0,118.3789,5.208,1
1786389026945,22712,22740,22740,28,3.0828,11.177165,8,23,23,0,,0.0,1755,1759,0,118.4181,5.2075,1
1786389044474,22712,22750,22750,38,3.119,11.18208,8,23,23,0,,0.0,1753,1759,0,118.4573,5.2069,1
1786389061985,22712,22760,22760,48,3.1096,11.186995,8,23,23,0,,0.0,1751,1760,0,118.4964,5.2063,1
1786389090851,22712,22770,22770,58,3.0955,11.19191,8,23,23,0,,0.0,2887,1760,0,118.561,5.2069,1
1786389113502,22765,22780,22780,15,3.0814,11.196826,8,23,23,0,,0.0,2265,1759,0,118.6116,5.2068,1
1786389131002,22765,22790,22790,25,3.0676,11.201741,8,23,23,0,,0.0,1750,1758,0,118.6507,5.2063,1
1786389148583,22765,22800,22800,35,3.089,11.206656,8,23,23,0,,0.0,1758,1758,0,118.69,5.2057,1
1786389215177,22800,22810,22810,10,3.1062,11.211571,8,23,23,0,,0.0,6659,1759,0,118.8389,5.2099,1
1786389232867,22800,22820,22820,20,3.0888,11.216486,8,23,23,0,,0.0,1769,1759,0,118.8784,5.2094,1
1786389250459,22800,22830,22830,30,3.0737,11.221402,8,23,23,0,,0.0,1759,1759,0,118.9178,5.2088,1
1786389267994,22800,22840,22840,40,3.1016,11.226317,8,23,23,0,,0.0,1754,1758,0,118.957,5.2083,1
1786389285529,22800,22850,22850,50,3.097,11.231232,8,23,23,0,,0.0,1753,1758,0,118.9962,5.2077,1
1786389314929,22853,22860,22860,7,3.1039,11.236147,8,23,23,0,,0.0,2940,1759,0,119.0619,5.2083,1
1786389337015,22853,22870,22870,17,3.1008,11.241062,8,23,23,0,,0.0,2209,1760,0,119.1113,5.2082,1
1786389354580,22853,22880,22880,27,3.1006,11.245978,8,23,23,0,,0.0,1757,1759,0,119.1505,5.2076,1
1786389372177,22853,22890,22890,37,3.0641,11.250893,8,23,23,0,,0.0,1760,1758,0,119.1899,5.2071,1
1786389389739,22853,22900,22900,47,3.1195,11.255808,8,23,23,0,,0.0,1756,1758,0,119.2291,5.2065,1
1786389418492,22853,22910,22910,57,3.0859,11.260723,8,23,23,0,,0.0,2875,1758,0,119.2934,5.207,1
1786389440832,22905,22920,22920,15,3.12,11.265638,8,23,23,0,,0.0,2234,1759,0,119.3434,5.207,1
1786389458350,22905,22930,22930,25,3.1056,11.270554,8,23,23,0,,0.0,1752,1759,0,119.3825,5.2064,1
1786389475885,22905,22940,22940,35,3.0904,11.275469,8,23,23,0,,0.0,1753,1758,0,119.4217,5.2058,1
1786389493449,22905,22950,22950,45,3.0731,11.280384,8,23,23,0,,0.0,1756,1758,0,119.461,5.2053,1
1786389522435,22905,22960,22960,55,3.1134,11.285299,8,23,23,0,,0.0,2899,1759,0,119.5258,5.2058,1
1786389544796,22957,22970,22970,13,3.0967,11.290214,8,23,23,0,,0.0,2236,1759,0,119.5758,5.2057,1
1786389562558,22957,22980,22980,23,3.074,11.29513,8,23,23,0,,0.0,1776,1757,0,119.6155,5.2052,1
1786389580072,22957,22990,22990,33,3.0812,11.300045,8,23,23,0,,0.0,1751,1757,0,119.6546,5.2046,1
1786389597542,22957,23000,23000,43,3.0901,11.30496,8,23,23,0,,0.0,1747,1757,0,119.6937,5.2041,1
1786389625741,22957,23010,23010,53,3.0818,11.309875,8,23,23,0,,0.0,2820,1760,0,119.7567,5.2046,1
1786389648530,23009,23020,23020,11,3.1088,11.31479,8,23,23,0,,0.0,2279,1760,0,119.8077,5.2045,1
1786389666102,23009,23030,23030,21,3.0676,11.319706,8,23,23,0,,0.0,1757,1757,0,119.847,5.2039,1
1786389683640,23009,23040,23040,31,3.0374,11.324621,8,23,23,0,,0.0,1754,1757,0,119.8862,5.2034,1
1786389701180,23009,23050,23050,41,3.0881,11.329536,8,23,23,0,,0.0,1754,1757,0,119.9254,5.2028,1
1786389718751,23009,23060,23060,51,3.0949,11.334451,8,23,23,0,,0.0,1757,1757,0,119.9647,5.2023,1
1786389752290,23062,23070,23070,8,3.106,11.339366,8,23,23,0,,0.0,3354,1757,0,120.0396,5.2033,1
1786389769935,23062,23080,23080,18,3.0767,11.344282,8,23,23,0,,0.0,1764,1757,0,120.0791,5.2027,1
1786389787507,23062,23090,23090,28,3.1146,11.349197,8,23,23,0,,0.0,1757,1757,0,120.1184,5.2022,1
1786389805009,23062,23100,23100,38,3.0836,11.354112,8,23,23,0,,0.0,1750,1758,0,120.1575,5.2016,1
1786389871065,23100,23110,23110,10,3.111,11.359027,8,23,23,0,,0.0,6606,1762,0,120.3052,5.2058,1
1786389888961,23100,23120,23120,20,3.0572,11.363942,8,23,23,0,,0.0,1790,1762,0,120.3452,5.2052,1
1786389906515,23100,23130,23130,30,3.0973,11.368858,8,23,23,0,,0.0,1755,1762,0,120.3844,5.2047,1
1786389924075,23100,23140,23140,40,3.0907,11.373773,8,23,23,0,,0.0,1756,1762,0,120.4237,5.2041,1
1786389941694,23100,23150,23150,50,3.0805,11.378688,8,23,23,0,,0.0,1762,1764,0,120.4631,5.2036,1
1786389975420,23152,23160,23160,8,3.1028,11.383603,8,23,23,0,,0.0,3373,1769,0,120.5385,5.2046,1
1786389993240,23152,23170,23170,18,3.0811,11.388518,8,23,23,0,,0.0,1782,1769,0,120.5783,5.2041,1
1786390010786,23152,23180,23180,28,3.0663,11.393434,8,23,23,0,,0.0,1755,1769,0,120.6175,5.2035,1
1786390028335,23152,23190,23190,38,3.0935,11.398349,8,23,23,0,,0.0,1755,1782,0,120.6567,5.203,1
1786390045818,23152,23200,23200,48,3.0746,11.403264,8,23,23,0,,0.0,1748,1782,0,120.6958,5.2024,1
1786390075371,23152,23210,23210,58,3.0914,11.408179,8,23,23,0,,0.0,2955,1782,0,120.7619,5.203,1
1786390097836,23204,23220,23220,16,3.1105,11.413094,8,23,23,0,,0.0,2247,1790,0,120.8121,5.2029,1
1786390115416,23204,23230,23230,26,3.0845,11.41801,8,23,23,0,,0.0,1758,1790,0,120.8514,5.2024,1
1786390132914,23204,23240,23240,36,3.1001,11.422925,8,23,23,0,,0.0,1750,1790,0,120.8905,5.2018,1
1786390150604,23204,23250,23250,46,3.0942,11.42784,8,23,23,0,,0.0,1769,1790,0,120.9301,5.2013,1
1786390211290,23204,23210,23250,6,3.1166,11.408179,7,24,23,1,23250,0.0,2120,1790,0,121.0585,5.2158,1
1786390231262,23204,23220,23250,16,3.0914,11.413094,7,24,23,1,23250,0.0,1997,1790,0,121.1031,5.2155,1
1786390251228,23204,23230,23250,26,3.1126,11.41801,7,24,23,1,23250,0.0,1997,1997,0,121.1478,5.2151,1
1786390283773,23204,23240,23250,36,3.0812,11.422925,7,24,23,1,23250,0.0,3255,1997,0,121.2205,5.216,1
1786390308741,23234,23250,23250,16,3.0759,11.42784,7,24,23,1,23250,0.0,2497,1997,0,121.2764,5.2162,1
1786390328893,23234,23260,23260,26,3.0616,11.432755,7,24,23,1,23260,0.0,2015,1997,0,121.3214,5.2159,1
1786390349049,23234,23270,23270,36,3.0868,11.43767,7,24,23,1,23270,0.0,2016,1784,0,121.3665,5.2156,1
1786390369145,23234,23280,23280,46,3.1034,11.442586,7,24,23,1,23280,0.0,2010,1997,0,121.4114,5.2153,1
1786390450861,23234,23240,23280,6,3.1012,11.422925,8,24,24,0,,0.0,3033,1997,0,121.5941,5.2321,1
1786390468129,23234,23250,23280,16,3.0755,11.42784,8,24,24,0,,0.0,1727,1997,0,121.6327,5.2315,1
1786390485398,23234,23260,23280,26,3.0569,11.432755,8,24,24,0,,0.0,1727,2010,0,121.6713,5.2309,1
1786390515487,23234,23270,23280,36,3.06,11.43767,8,24,24,0,,0.0,3009,2010,0,121.7385,5.2316,1
1786390537490,23265,23280,23280,15,3.0838,11.442586,8,24,24,0,,0.0,2200,1997,0,121.7877,5.2314,1
1786390555334,23265,23290,23290,25,3.0925,11.447501,8,24,24,0,,0.0,1784,1997,0,121.8276,5.2309,1
1786390572767,23265,23300,23300,35,3.0959,11.452416,8,24,24,0,,0.0,1743,1997,0,121.8666,5.2303,1
1786390590208,23265,23310,23310,45,3.0879,11.457331,8,24,24,0,,0.0,1744,2010,0,121.9056,5.2298,1
1786390620053,23265,23320,23320,55,3.1018,11.462246,8,24,24,0,,0.0,2985,2010,0,121.9723,5.2304,1
1786390642273,23319,23330,23330,11,3.1055,11.467162,8,24,24,0,,0.0,2222,2010,0,122.022,5.2303,1
1786390659916,23319,23340,23340,21,3.1152,11.472077,8,24,24,0,,0.0,1764,2010,0,122.0614,5.2297,1
1786390677404,23319,23350,23350,31,3.0795,11.476992,8,24,24,0,,0.0,1749,1789,0,122.1005,5.2291,1
1786390694878,23319,23360,23360,41,3.1118,11.481907,8,24,24,0,,0.0,1747,1784,0,122.1396,5.2286,1
1786390712302,23319,23370,23370,51,3.0949,11.486822,8,24,24,0,,0.0,1742,1784,0,122.1785,5.228,1
1786390742476,23373,23380,23380,7,3.1089,11.491738,8,24,24,0,,0.0,3017,1776,0,122.246,5.2287,1
1786390764874,23373,23390,23390,17,3.0906,11.496653,8,24,24,0,,0.0,2240,1770,0,122.2961,5.2286,1
1786390782377,23373,23400,23400,27,3.0733,11.501568,8,24,24,0,,0.0,1750,1767,0,122.3352,5.228,1
1786390845054,23373,23410,23410,37,3.0998,11.506483,8,24,24,0,,0.0,6268,1767,0,122.4753,5.2318,1
1786390867067,23405,23420,23420,15,3.0866,11.511398,8,24,24,0,,0.0,2201,1770,0,122.5245,5.2316,1
1786390884827,23405,23430,23430,25,3.0776,11.516314,8,24,24,0,,0.0,1776,1767,0,122.5642,5.2311,1
1786390902316,23405,23440,23440,35,3.1033,11.521229,8,24,24,0,,0.0,1749,1764,0,122.6033,5.2305,1
1786390919825,23405,23450,23450,45,3.088,11.526144,8,24,24,0,,0.0,1751,1763,0,122.6425,5.23,1
1786390948400,23405,23460,23460,55,3.1249,11.531059,8,24,24,0,,0.0,2858,1763,0,122.7063,5.2304,1
1786390970987,23458,23470,23470,12,3.0529,11.535974,8,24,24,0,,0.0,2259,1764,0,122.7568,5.2304,1
1786390988874,23458,23480,23480,22,3.0886,11.54089,8,24,24,0,,0.0,1789,1764,0,122.7968,5.2298,1
1786391006404,23458,23490,23490,32,3.0805,11.545805,8,24,24,0,,0.0,1753,1764,0,122.836,5.2293,1
1786391023906,23458,23500,23500,42,3.064,11.55072,8,24,24,0,,0.0,1750,1763,0,122.8751,5.2287,1
1786391041610,23458,23510,23510,52,3.0922,11.555635,8,24,24,0,,0.0,1770,1763,0,122.9147,5.2282,1
1786391075078,23510,23520,23520,10,3.1093,11.56055,8,24,24,0,,0.0,3347,1767,0,122.9895,5.2291,1
1786391092748,23510,23530,23530,20,3.0542,11.565466,8,24,24,0,,0.0,1767,1770,0,123.029,5.2286,1
1786391110230,23510,23540,23540,30,3.0973,11.570381,8,24,24,0,,0.0,1748,1767,0,123.0681,5.228,1
1786391127667,23510,23550,23550,40,3.0963,11.575296,8,24,24,0,,0.0,1744,1766,0,123.1071,5.2275,1
1786391145127,23510,23560,23560,50,3.0905,11.580211,8,24,24,0,,0.0,1746,1767,0,123.1461,5.2269,1
1786391178502,23562,23570,23570,8,3.0946,11.585126,8,24,24,0,,0.0,3338,1767,0,123.2208,5.2279,1
1786391196131,23562,23580,23580,18,3.103,11.590042,8,24,24,0,,0.0,1763,1766,0,123.2602,5.2273,1
1786391213587,23562,23590,23590,28,3.1272,11.594957,8,24,24,0,,0.0,1746,1763,0,123.2992,5.2268,1
1786391231073,23562,23600,23600,38,3.1096,11.599872,8,24,24,0,,0.0,1749,1763,0,123.3383,5.2262,1
1786391248551,23562,23610,23610,48,3.1023,11.604787,8,24,24,0,,0.0,1748,1766,0,123.3774,5.2256,1
1786391277315,23562,23620,23620,58,3.0997,11.609702,8,24,24,0,,0.0,2876,1766,0,123.4417,5.2261,1
1786391299265,23615,23630,23630,15,3.1081,11.614618,8,24,24,0,,0.0,2195,1763,0,123.4907,5.226,1
1786391316972,23615,23640,23640,25,3.0967,11.619533,8,24,24,0,,0.0,1771,1754,0,123.5303,5.2255,1
1786391334447,23615,23650,23650,35,3.1118,11.624448,8,24,24,0,,0.0,1747,1754,0,123.5694,5.2249,1
1786391351930,23615,23660,23660,45,3.0884,11.629363,8,24,24,0,,0.0,1748,1763,0,123.6085,5.2244,1
1786391380362,23615,23670,23670,55,3.0598,11.634278,8,24,24,0,,0.0,2843,1763,0,123.672,5.2248,1
1786391402949,23668,23680,23680,12,3.0751,11.639194,8,24,24,0,,0.0,2259,1763,0,123.7225,5.2248,1
1786391420605,23668,23690,23690,22,3.0832,11.644109,8,24,24,0,,0.0,1766,1754,0,123.762,5.2242,1
1786391438106,23668,23700,23700,32,3.1312,11.649024,8,24,24,0,,0.0,1750,1754,0,123.8011,5.2237,1
1786391504163,23700,23710,23710,10,3.1068,11.653939,8,24,24,0,,0.0,6606,1763,0,123.9488,5.2277,1
1786391521990,23700,23720,23720,20,3.0905,11.658854,8,24,24,0,,0.0,1783,1766,0,123.9886,5.2272,1
1786391539494,23700,23730,23730,30,3.0612,11.66377,8,24,24,0,,0.0,1750,1763,0,124.0278,5.2266,1
1786391557003,23700,23740,23740,40,3.0959,11.668685,8,24,24,0,,0.0,1751,1761,0,124.0669,5.2261,1
1786391574546,23700,23750,23750,50,3.1112,11.6736,8,24,24,0,,0.0,1754,1761,0,124.1061,5.2255,1
1786391603299,23700,23760,23760,60,3.0926,11.678515,8,24,24,0,,0.0,2875,1761,0,124.1704,5.226,1
1786391625531,23752,23770,23770,18,3.1057,11.68343,8,24,24,0,,0.0,2223,1766,0,124.2201,5.2259,1
1786391643029,23752,23780,23780,28,3.0592,11.688346,8,24,24,0,,0.0,1750,1766,0,124.2592,5.2254,1
1786391660572,23752,23790,23790,38,3.0731,11.693261,8,24,24,0,,0.0,1754,1761,0,124.2984,5.2248,1
1786391678053,23752,23800,23800,48,3.1005,11.698176,8,24,24,0,,0.0,1748,1754,0,124.3375,5.2243,1
1786391707008,23752,23810,23810,58,3.0928,11.703091,8,24,24,0,,0.0,2895,1761,0,124.4023,5.2248,1
1786391729490,23806,23820,23820,14,3.0718,11.708006,8,24,24,0,,0.0,2248,1761,0,124.4525,5.2247,1
1786391747194,23806,23830,23830,24,3.0943,11.712922,8,24,24,0,,0.0,1770,1761,0,124.4921,5.2242,1
1786391764667,23806,23840,23840,34,3.0857,11.717837,8,24,24,0,,0.0,1747,1761,0,124.5312,5.2236,1
1786391782168,23806,23850,23850,44,3.1216,11.722752,8,24,24,0,,0.0,1750,1761,0,124.5703,5.2231,1
1786391810633,23806,23860,23860,54,3.0795,11.727667,8,24,24,0,,0.0,2847,1761,0,124.6339,5.2236,1
1786391833511,23858,23870,23870,12,3.1078,11.732582,8,24,24,0,,0.0,2288,1761,0,124.6851,5.2235,1
1786391851126,23858,23880,23880,22,3.086,11.737498,8,24,24,0,,0.0,1761,1761,0,124.7244,5.223,1
1786391868593,23858,23890,23890,32,3.1133,11.742413,8,24,24,0,,0.0,1747,1761,0,124.7635,5.2224,1
1786391886103,23858,23900,23900,42,3.0992,11.747328,8,24,24,0,,0.0,1751,1761,0,124.8026,5.2219,1
1786391903581,23858,23910,23910,52,3.1214,11.752243,8,24,24,0,,0.0,1748,1761,0,124.8417,5.2213,1
1786391936021,23911,23920,23920,9,3.08,11.757158,8,24,24,0,,0.0,3244,1761,0,124.9142,5.2222,1
1786391954270,23911,23930,23930,19,3.0777,11.762074,8,24,24,0,,0.0,1825,1761,0,124.955,5.2217,1
1786391971662,23911,23940,23940,29,3.0958,11.766989,8,24,24,0,,0.0,1739,1761,0,124.9939,5.2211,1
1786391989191,23911,23950,23950,39,3.0762,11.771904,8,24,24,0,,0.0,1753,1761,0,125.0331,5.2206,1
1786392006797,23911,23960,23960,49,3.0965,11.776819,8,24,24,0,,0.0,1761,1761,0,125.0725,5.2201,1
1786392036645,23911,23970,23970,59,3.1246,11.781734,8,24,24,0,,0.0,2985,1761,0,125.1392,5.2207,1
1786392058866,23965,23980,23980,15,3.1189,11.78665,8,24,24,0,,0.0,2222,1761,0,125.1889,5.2206,1
1786392076523,23965,23990,23990,25,3.1048,11.791565,8,24,24,0,,0.0,1766,1755,0,125.2283,5.22,1
1786392094073,23965,24000,24000,35,3.1069,11.79648,8,24,24,0,,0.0,1755,1755,0,125.2676,5.2195,1
1786392165246,24000,24010,24010,10,3.0823,11.801395,8,24,24,0,,0.0,7117,1761,0,125.4267,5.2239,1
1786392182988,24000,24020,24020,20,3.1034,11.80631,8,24,24,0,,0.0,1774,1761,0,125.4663,5.2234,1
1786392200487,24000,24030,24030,30,3.0856,11.811226,8,24,24,0,,0.0,1750,1761,0,125.5055,5.2229,1
1786392218035,24000,24040,24040,40,3.0897,11.816141,8,24,24,0,,0.0,1755,1755,0,125.5447,5.2223,1
1786392235550,24000,24050,24050,50,3.0889,11.821056,8,24,24,0,,0.0,1751,1755,0,125.5838,5.2218,1
1786392268863,24051,24060,24060,9,3.0818,11.825971,8,24,24,0,,0.0,3331,1761,0,125.6583,5.2227,1
1786392286497,24051,24070,24070,19,3.0844,11.830886,8,24,24,0,,0.0,1763,1762,0,125.6977,5.2222,1
1786392304012,24051,24080,24080,29,3.1227,11.835802,8,24,24,0,,0.0,1752,1762,0,125.7369,5.2216,1
1786392321512,24051,24090,24090,39,3.048,11.840717,8,24,24,0,,0.0,1750,1761,0,125.776,5.2211,1
1786392339023,24051,24100,24100,49,3.0699,11.845632,8,24,24,0,,0.0,1751,1761,0,125.8152,5.2205,1
1786392367896,24051,24110,24110,59,3.1132,11.850547,8,24,24,0,,0.0,2887,1761,0,125.8797,5.2211,1
1786392390052,24104,24120,24120,16,3.0624,11.855462,8,24,24,0,,0.0,2216,1762,0,125.9292,5.2209,1
1786392407599,24104,24130,24130,26,3.1074,11.860378,8,24,24,0,,0.0,1755,1762,0,125.9685,5.2204,1
1786392425112,24104,24140,24140,36,3.1137,11.865293,8,24,24,0,,0.0,1751,1755,0,126.0076,5.2199,1
1786392442613,24104,24150,24150,46,3.0743,11.870208,8,24,24,0,,0.0,1750,1755,0,126.0467,5.2193,1
1786392471781,24104,24160,24160,56,3.0628,11.875123,8,24,24,0,,0.0,2917,1755,0,126.112,5.2199,1
1786392494258,24156,24170,24170,14,3.0944,11.880038,8,24,24,0,,0.0,2248,1755,0,126.1622,5.2198,1
1786392511882,24156,24180,24180,24,3.0649,11.884954,8,24,24,0,,0.0,1762,1755,0,126.2016,5.2193,1
1786392529390,24156,24190,24190,34,3.0797,11.889869,8,24,24,0,,0.0,1751,1755,0,126.2407,5.2187,1
1786392546881,24156,24200,24200,44,3.074,11.894784,8,24,24,0,,0.0,1749,1755,0,126.2798,5.2182,1
1786392564814,24156,24210,24210,54,3.0967,11.899699,8,24,24,0,,0.0,1793,1762,0,126.3199,5.2177,1
1786392597815,24210,24220,24220,10,3.0824,11.904614,8,24,24,0,,0.0,3300,1762,0,126.3937,5.2186,1
1786392615532,24210,24230,24230,20,3.0628,11.90953,8,24,24,0,,0.0,1772,1762,0,126.4333,5.218,1
1786392632991,24210,24240,24240,30,3.1145,11.914445,8,24,24,0,,0.0,1746,1762,0,126.4723,5.2175,1
1786392650453,24210,24250,24250,40,3.0814,11.91936,8,24,24,0,,0.0,1746,1764,0,126.5114,5.217,1
1786392667891,24210,24260,24260,50,3.0562,11.924275,8,24,24,0,,0.0,1744,1768,0,126.5504,5.2164,1
1786392697487,24263,24270,24270,7,3.0941,11.92919,8,24,24,0,,0.0,2960,1768,0,126.6165,5.217,1
1786392719380,24263,24280,24280,17,3.1082,11.934106,8,24,24,0,,0.0,2189,1764,0,126.6655,5.2169,1
1786392736921,24263,24290,24290,27,3.0854,11.939021,8,24,24,0,,0.0,1754,1764,0,126.7047,5.2163,1
1786392754415,24263,24300,24300,37,3.0954,11.943936,8,24,24,0,,0.0,1749,1764,0,126.7438,5.2158,1
1786392818940,24300,24310,24310,10,3.0819,11.948851,8,24,24,0,,0.0,6453,1764,0,126.888,5.2196,1
1786392838064,24300,24320,24320,20,3.0817,11.953766,8,24,24,0,,0.0,1912,1764,0,126.9308,5.2192,1
1786392855612,24300,24330,24330,30,3.0809,11.958682,8,24,24,0,,0.0,1755,1764,0,126.97,5.2187,1
1786392873249,24300,24340,24340,40,3.0803,11.963597,8,24,24,0,,0.0,1764,1764,0,127.0095,5.2181,1
1786392890789,24300,24350,24350,50,3.0952,11.968512,8,24,24,0,,0.0,1754,1764,0,127.0487,5.2176,1
1786392919569,24300,24360,24360,60,3.0604,11.973427,8,24,24,0,,0.0,2878,1764,0,127.113,5.2181,1
1786392941695,24354,24370,24370,16,3.0716,11.978342,8,24,24,0,,0.0,2213,1764,0,127.1625,5.218,1
1786392959588,24354,24380,24380,26,3.0906,11.983258,8,24,24,0,,0.0,1789,1764,0,127.2025,5.2175,1
1786392977103,24354,24390,24390,36,3.0792,11.988173,8,24,24,0,,0.0,1751,1760,0,127.2416,5.217,1
1786392994779,24354,24400,24400,46,3.0861,11.993088,8,24,24,0,,0.0,1768,1760,0,127.2811,5.2164,1
1786393023995,24354,24410,24410,56,3.0876,11.998003,8,24,24,0,,0.0,2922,1760,0,127.3465,5.217,1
1786393047439,24408,24420,24420,12,3.0537,12.002918,8,24,24,0,,0.0,2344,1764,0,127.3989,5.217,1
1786393065037,24408,24430,24430,22,3.089,12.007834,8,24,24,0,,0.0,1760,1764,0,127.4382,5.2165,1
1786393082592,24408,24440,24440,32,3.1173,12.012749,8,24,24,0,,0.0,1755,1764,0,127.4775,5.2159,1
1786393100116,24408,24450,24450,42,3.1142,12.017664,8,24,24,0,,0.0,1752,1764,0,127.5166,5.2154,1
1786393117603,24408,24460,24460,52,3.0733,12.022579,8,24,24,0,,0.0,1749,1768,0,127.5557,5.2149,1
1786393151247,24461,24470,24470,9,3.0585,12.027494,8,24,24,0,,0.0,3364,1768,0,127.6309,5.2158,1
1786393168939,24461,24480,24480,19,3.0921,12.03241,8,24,24,0,,0.0,1769,1764,0,127.6705,5.2153,1
1786393186496,24461,24490,24490,29,3.0812,12.037325,8,24,24,0,,0.0,1756,1764,0,127.7097,5.2148,1
1786393204093,24461,24500,24500,39,3.0853,12.04224,8,24,24,0,,0.0,1760,1760,0,127.7491,5.2142,1
1786393221537,24461,24510,24510,49,3.0811,12.047155,8,24,24,0,,0.0,1744,1768,0,127.7881,5.2137,1
1786393250229,24461,24520,24520,59,3.1214,12.05207,8,24,24,0,,0.0,2869,1768,0,127.8522,5.2142,1
1786393272610,24513,24530,24530,17,3.0977,12.056986,8,24,24,0,,0.0,2238,1760,0,127.9022,5.2141,1
1786393290139,24513,24540,24540,27,3.108,12.061901,8,24,24,0,,0.0,1753,1760,0,127.9414,5.2136,1
1786393307704,24513,24550,24550,37,3.1196,12.066816,8,24,24,0,,0.0,1757,1760,0,127.9807,5.2131,1
1786393325179,24513,24560,24560,47,3.0997,12.071731,8,24,24,0,,0.0,1748,1760,0,128.0198,5.2125,1
1786393354354,24513,24570,24570,57,3.1229,12.076646,8,24,24,0,,0.0,2917,1760,0,128.085,5.2131,1
1786393376280,24566,24580,24580,14,3.0531,12.081562,8,24,24,0,,0.0,2193,1760,0,128.134,5.2129,1
1786393393985,24566,24590,24590,24,3.1172,12.086477,8,24,24,0,,0.0,1771,1760,0,128.1736,5.2124,1
1786393411569,24566,24600,24600,34,3.0802,12.091392,8,24,24,0,,0.0,1758,1760,0,128.2129,5.2119,1
1786393477691,24600,24610,24610,10,3.0896,12.096307,8,24,24,0,,0.0,6612,1766,0,128.3607,5.2158,1
1786393495378,24600,24620,24620,20,3.0593,12.101222,8,24,24,0,,0.0,1769,1769,0,128.4003,5.2153,1
1786393512972,24600,24630,24630,30,3.1193,12.106138,8,24,24,0,,0.0,1759,1769,0,128.4396,5.2148,1
1786393530481,24600,24640,24640,40,3.0949,12.111053,8,24,24,0,,0.0,1751,1769,0,128.4787,5.2142,1
1786393548048,24600,24650,24650,50,3.0894,12.115968,8,24,24,0,,0.0,1757,1769,0,128.518,5.2137,1
1786393577610,24652,24660,24660,8,3.1314,12.120883,8,24,24,0,,0.0,2956,1771,0,128.5841,5.2143,1
1786393599085,24652,24670,24670,18,3.128,12.125798,8,24,24,0,,0.0,2147,1786,0,128.6321,5.2141,1
1786393616591,24652,24680,24680,28,3.1036,12.130714,8,24,24,0,,0.0,1751,1771,0,128.6712,5.2136,1
1786393634066,24652,24690,24690,38,3.0973,12.135629,8,24,24,0,,0.0,1748,1769,0,128.7103,5.2131,1
1786393651727,24652,24700,24700,48,3.1191,12.140544,8,24,24,0,,0.0,1766,1769,0,128.7498,5.2125,1
1786393680651,24652,24710,24710,58,3.0928,12.145459,8,24,24,0,,0.0,2892,1771,0,128.8144,5.213,1
1786393702440,24705,24720,24720,15,3.0855,12.150374,8,24,24,0,,0.0,2179,1786,0,128.8632,5.2129,1
1786393720298,24705,24730,24730,25,3.0803,12.15529,8,24,24,0,,0.0,1786,1771,0,128.9031,5.2124,1
1786393737731,24705,24740,24740,35,3.0708,12.160205,8,24,24,0,,0.0,1743,1769,0,128.9421,5.2119,1
1786393755159,24705,24750,24750,45,3.085,12.16512,8,24,24,0,,0.0,1743,1766,0,128.981,5.2114,1
1786393816663,24705,24710,24750,5,3.0975,12.145459,2,24,24,1,24750,0.0,5735,1766,0,129.0362,5.222,0
1786393889887,24716,24720,24750,4,3.0778,12.150374,2,30,24,1,24750,0.0,7322,1766,0,129.0923,5.2222,1
1786393947161,24716,24730,24750,14,3.0979,12.15529,2,30,24,1,24750,0.0,5727,1766,0,129.2203,5.2252,1
1786394173162,24732,24740,24750,8,3.0794,12.160205,8,30,30,0,,0.0,4462,1766,0,129.7256,5.2436,1
1786394190534,24732,24750,24750,18,3.0839,12.16512,8,30,30,0,,0.0,1737,1766,0,129.7644,5.243,1
1786394220783,24732,24760,24760,28,3.1042,12.170035,8,30,30,0,,0.0,3025,1778,0,129.832,5.2436,1
1786394243317,24754,24770,24770,16,3.1078,12.17495,8,30,30,0,,0.0,2253,1766,0,129.8824,5.2435,1
1786394260810,24754,24780,24780,26,3.0752,12.179866,8,30,30,0,,0.0,1749,1756,0,129.9215,5.243,1
1786394278347,24754,24790,24790,36,3.1071,12.184781,8,30,30,0,,0.0,1754,1756,0,129.9607,5.2425,1
1786394295865,24754,24800,24800,46,3.0845,12.189696,8,30,30,0,,0.0,1752,1756,0,129.9999,5.2419,1
1786394326305,24754,24810,24810,56,3.0668,12.194611,8,30,30,0,,0.0,3044,1756,0,130.0679,5.2426,1
1786394348257,24807,24820,24820,13,3.0862,12.199526,8,30,30,0,,0.0,2195,1756,0,130.117,5.2424,1
1786394365817,24807,24830,24830,23,3.0592,12.204442,8,30,30,0,,0.0,1756,1754,0,130.1563,5.2419,1
1786394383284,24807,24840,24840,33,3.0872,12.209357,8,30,30,0,,0.0,1747,1754,0,130.1953,5.2414,1
1786394400796,24807,24850,24850,43,3.072,12.214272,8,30,30,0,,0.0,1751,1754,0,130.2345,5.2408,1
1786394418287,24807,24860,24860,53,3.1071,12.219187,8,30,30,0,,0.0,1749,1756,0,130.2736,5.2403,1
1786394451718,24861,24870,24870,9,3.0717,12.224102,8,30,30,0,,0.0,3343,1756,0,130.3483,5.2412,1
1786394469493,24861,24880,24880,19,3.0571,12.229018,8,30,30,0,,0.0,1778,1754,0,130.388,5.2407,1
1786394486967,24861,24890,24890,29,3.0881,12.233933,8,30,30,0,,0.0,1747,1754,0,130.4271,5.2401,1
1786394504434,24861,24900,24900,39,3.0904,12.238848,8,30,30,0,,0.0,1747,1753,0,130.4661,5.2396,1
1786394570712,24900,24910,24910,10,3.0522,12.243763,8,30,30,0,,0.0,6628,1754,0,130.6143,5.2434,1
1786394588245,24900,24920,24920,20,3.0853,12.248678,8,30,30,0,,0.0,1753,1754,0,130.6535,5.2429,1
1786394605751,24900,24930,24930,30,3.0569,12.253594,8,30,30,0,,0.0,1751,1754,0,130.6926,5.2424,1
1786394623241,24900,24940,24940,40,3.082,12.258509,8,30,30,0,,0.0,1749,1754,0,130.7317,5.2419,1
1786394640780,24900,24950,24950,50,3.0818,12.263424,8,30,30,0,,0.0,1754,1754,0,130.771,5.2413,1
1786394674400,24952,24960,24960,8,3.0821,12.268339,8,30,30,0,,0.0,3362,1756,0,130.8461,5.2422,1
1786394692162,24952,24970,24970,18,3.1028,12.273254,8,30,30,0,,0.0,1776,1756,0,130.8858,5.2417,1
1786394709658,24952,24980,24980,28,3.0956,12.27817,8,30,30,0,,0.0,1750,1756,0,130.9249,5.2412,1
1786394727358,24952,24990,24990,38,3.0955,12.283085,8,30,30,0,,0.0,1770,1754,0,130.9645,5.2407,1
1786394744826,24952,25000,25000,48,3.0617,12.288,8,30,30,0,,0.0,1747,1754,0,131.0036,5.2401,1
1786394773805,25004,25010,25010,6,3.1014,12.292915,8,30,30,0,,0.0,2898,1754,0,131.0683,5.2406,1
1786394796520,25004,25020,25020,16,3.0854,12.29783,8,30,30,0,,0.0,2271,1762,0,131.1191,5.2406,1
1786394814020,25004,25030,25030,26,3.0858,12.302746,8,30,30,0,,0.0,1750,1762,0,131.1582,5.24,1
1786394831500,25004,25040,25040,36,3.0874,12.307661,8,30,30,0,,0.0,1748,1754,0,131.1973,5.2395,1
1786394848977,25004,25050,25050,46,3.0633,12.312576,8,30,30,0,,0.0,1748,1754,0,131.2364,5.239,1
1786394877594,25004,25060,25060,56,3.0843,12.317491,8,30,30,0,,0.0,2862,1762,0,131.3004,5.2394,1
1786394899792,25056,25070,25070,14,3.0825,12.322406,8,30,30,0,,0.0,2220,1762,0,131.35,5.2393,1
1786394917408,25056,25080,25080,24,3.0936,12.327322,8,30,30,0,,0.0,1762,1762,0,131.3894,5.2388,1
1786394934906,25056,25090,25090,34,3.0889,12.332237,8,30,30,0,,0.0,1750,1770,0,131.4285,5.2383,1
1786394952663,25056,25100,25100,44,3.1149,12.337152,8,30,30,0,,0.0,1776,1770,0,131.4682,5.2378,1
1786394981052,25056,25110,25110,54,3.0913,12.342067,8,30,30,0,,0.0,2839,1771,0,131.5316,5.2382,1
1786395003773,25109,25120,25120,11,3.0724,12.346982,8,30,30,0,,0.0,2272,1771,0,131.5824,5.2382,1
1786395021763,25109,25130,25130,21,3.0667,12.351898,8,30,30,0,,0.0,1799,1770,0,131.6227,5.2377,1
1786395039289,25109,25140,25140,31,3.0812,12.356813,8,30,30,0,,0.0,1753,1770,0,131.6618,5.2371,1
1786395056826,25109,25150,25150,41,3.0689,12.361728,8,30,30,0,,0.0,1754,1762,0,131.701,5.2366,1
1786395074323,25109,25160,25160,51,3.0827,12.366643,8,30,30,0,,0.0,1750,1771,0,131.7402,5.2361,1
1786395107694,25161,25170,25170,9,3.1287,12.371558,8,30,30,0,,0.0,3337,1771,0,131.8148,5.237,1
1786395125448,25161,25180,25180,19,3.1079,12.376474,8,30,30,0,,0.0,1775,1768,0,131.8545,5.2365,1
1786395142967,25161,25190,25190,29,3.081,12.381389,8,30,30,0,,0.0,1752,1768,0,131.8936,5.236,1
1786395160391,25161,25200,25200,39,3.0642,12.386304,8,30,30,0,,0.0,1742,1768,0,131.9326,5.2354,1
1786395227327,25200,25210,25210,10,3.089,12.391219,8,30,30,0,,0.0,6694,1771,0,132.0822,5.2393,1
1786395245155,25200,25220,25220,20,3.0363,12.396134,8,30,30,0,,0.0,1783,1771,0,132.1221,5.2388,1
1786395262661,25200,25230,25230,30,3.0909,12.40105,8,30,30,0,,0.0,1751,1771,0,132.1612,5.2383,1
1786395280372,25200,25240,25240,40,3.1086,12.405965,8,30,30,0,,0.0,1771,1771,0,132.2008,5.2377,1
1786395297871,25200,25250,25250,50,3.071,12.41088,8,30,30,0,,0.0,1750,1771,0,132.2399,5.2372,1
1786395329308,25252,25260,25260,8,3.1039,12.415795,8,30,30,0,,0.0,3144,1771,0,132.3102,5.2379,1
1786395349151,25252,25270,25270,18,3.0828,12.42071,8,30,30,0,,0.0,1984,1771,0,132.3546,5.2376,1
1786395366661,25252,25280,25280,28,3.0859,12.425626,8,30,30,0,,0.0,1751,1768,0,132.3937,5.2371,1
1786395384198,25252,25290,25290,38,3.0948,12.430541,8,30,30,0,,0.0,1754,1767,0,132.4329,5.2366,1
1786395401738,25252,25300,25300,48,3.0913,12.435456,8,30,30,0,,0.0,1754,1767,0,132.4721,5.2361,1
1786395430548,25252,25310,25310,58,3.0806,12.440371,8,30,30,0,,0.0,2881,1767,0,132.5365,5.2365,1
1786395452578,25305,25320,25320,15,3.0618,12.445286,8,30,30,0,,0.0,2203,1768,0,132.5858,5.2364,1
1786395470263,25305,25330,25330,25,3.0508,12.450202,8,30,30,0,,0.0,1768,1768,0,132.6253,5.2359,1
1786395487840,25305,25340,25340,35,3.0793,12.455117,8,30,30,0,,0.0,1758,1767,0,132.6646,5.2354,1
1786395505351,25305,25350,25350,45,3.1035,12.460032,8,30,30,0,,0.0,1751,1767,0,132.7037,5.2349,1
1786395534426,25305,25360,25360,55,3.0574,12.464947,8,30,30,0,,0.0,2908,1768,0,132.7687,5.2354,1
1786395556469,25357,25370,25370,13,3.0933,12.469862,8,30,30,0,,0.0,2204,1768,0,132.818,5.2352,1
1786395574304,25357,25380,25380,23,3.1149,12.474778,8,30,30,0,,0.0,1784,1767,0,132.8579,5.2347,1
1786395591778,25357,25390,25390,33,3.1007,12.479693,8,30,30,0,,0.0,1747,1767,0,132.897,5.2342,1
1786395609445,25357,25400,25400,43,3.0986,12.484608,8,30,30,0,,0.0,1767,1766,0,132.9365,5.2337,1
1786395637987,25357,25410,25410,53,3.1032,12.489523,8,30,30,0,,0.0,2854,1767,0,133.0003,5.2342,1
1786395660349,25409,25420,25420,11,3.0929,12.494438,8,30,30,0,,0.0,2236,1767,0,133.0503,5.2341,1
1786395677966,25409,25430,25430,21,3.0779,12.499354,8,30,30,0,,0.0,1762,1766,0,133.0896,5.2336,1
1786395695428,25409,25440,25440,31,3.1002,12.504269,8,30,30,0,,0.0,1746,1767,0,133.1287,5.233,1
1786395712933,25409,25450,25450,41,3.0746,12.509184,8,30,30,0,,0.0,1750,1767,0,133.1678,5.2325,1
1786395730387,25409,25460,25460,51,3.1018,12.514099,8,30,30,0,,0.0,1745,1768,0,133.2068,5.232,1
1786395763652,25462,25470,25470,8,3.0565,12.519014,8,30,30,0,,0.0,3327,1768,0,133.2812,5.2329,1
1786395781688,25462,25480,25480,18,3.0878,12.52393,8,30,30,0,,0.0,1804,1767,0,133.3215,5.2324,1
1786395799128,25462,25490,25490,28,3.0993,12.528845,8,30,30,0,,0.0,1744,1766,0,133.3605,5.2319,1
1786395816786,25462,25500,25500,38,3.0696,12.53376,8,30,30,0,,0.0,1766,1766,0,133.4,5.2314,1
1786395895331,25500,25510,25510,10,3.0703,12.538675,8,30,30,0,,0.0,7854,1767,0,133.5756,5.2362,1
1786395913049,25500,25520,25520,20,3.0754,12.54359,8,30,30,0,,0.0,1772,1767,0,133.6152,5.2357,1
1786395930547,25500,25530,25530,30,3.0938,12.548506,8,30,30,0,,0.0,1750,1767,0,133.6543,5.2352,1
1786395948063,25500,25540,25540,40,3.1071,12.553421,8,30,30,0,,0.0,1752,1766,0,133.6935,5.2347,1
1786395965592,25500,25550,25550,50,3.0708,12.558336,8,30,30,0,,0.0,1753,1766,0,133.7326,5.2342,1
1786395998520,25552,25560,25560,8,3.0708,12.563251,8,30,30,0,,0.0,3293,1766,0,133.8063,5.235,1
1786396016554,25552,25570,25570,18,3.0932,12.568166,8,30,30,0,,0.0,1803,1766,0,133.8466,5.2345,1
1786396034098,25552,25580,25580,28,3.0682,12.573082,8,30,30,0,,0.0,1754,1766,0,133.8858,5.234,1
1786396051824,25552,25590,25590,38,3.0695,12.577997,8,30,30,0,,0.0,1773,1766,0,133.9254,5.2335,1
1786396069320,25552,25600,25600,48,3.082,12.582912,8,30,30,0,,0.0,1750,1766,0,133.9645,5.233,1
1786396098129,25552,25610,25610,58,3.0651,12.587827,8,30,30,0,,0.0,2881,1766,0,134.0289,5.2335,1
1786396120567,25604,25620,25620,16,3.0948,12.592742,8,30,30,0,,0.0,2244,1769,0,134.0791,5.2334,1
1786396138123,25604,25630,25630,26,3.0791,12.597658,8,30,30,0,,0.0,1756,1769,0,134.1183,5.2329,1
1786396155663,25604,25640,25640,36,3.1028,12.602573,8,30,30,0,,0.0,1754,1766,0,134.1576,5.2324,1
1786396173154,25604,25650,25650,46,3.1014,12.607488,8,30,30,0,,0.0,1749,1766,0,134.1967,5.2318,1
1786396202194,25604,25660,25660,56,3.1006,12.612403,8,30,30,0,,0.0,2904,1769,0,134.2616,5.2323,1
1786396224295,25656,25670,25670,14,3.057,12.617318,8,30,30,0,,0.0,2210,1769,0,134.311,5.2322,1
1786396241990,25656,25680,25680,24,3.0855,12.622234,8,30,30,0,,0.0,1769,1766,0,134.3505,5.2317,1
1786396259480,25656,25690,25690,34,3.0812,12.627149,8,30,30,0,,0.0,1749,1766,0,134.3896,5.2312,1
1786396276888,25656,25700,25700,44,3.0606,12.632064,8,30,30,0,,0.0,1741,1766,0,134.4286,5.2307,1
1786396305608,25656,25710,25710,54,3.0682,12.636979,8,30,30,0,,0.0,2872,1769,0,134.4928,5.2311,1
1786396327684,25708,25720,25720,12,3.0679,12.641894,8,30,30,0,,0.0,2208,1766,0,134.5421,5.231,1
1786396345348,25708,25730,25730,22,3.106,12.64681,8,30,30,0,,0.0,1766,1757,0,134.5816,5.2305,1
1786396362767,25708,25740,25740,32,3.1206,12.651725,8,30,30,0,,0.0,1742,1757,0,134.6205,5.23,1
1786396380230,25708,25750,25750,42,3.1017,12.65664,8,30,30,0,,0.0,1746,1756,0,134.6596,5.2295,1
1786396397994,25708,25760,25760,52,3.0949,12.661555,8,30,30,0,,0.0,1776,1757,0,134.6993,5.229,1
1786396431568,25760,25770,25770,10,3.0698,12.66647,8,30,30,0,,0.0,3357,1757,0,134.7744,5.2299,1
1786396449265,25760,25780,25780,20,3.0766,12.671386,8,30,30,0,,0.0,1770,1756,0,134.8139,5.2294,1
1786396466731,25760,25790,25790,30,3.0902,12.676301,8,30,30,0,,0.0,1747,1754,0,134.853,5.2289,1
1786396484193,25760,25800,25800,40,3.0607,12.681216,8,30,30,0,,0.0,1746,1754,0,134.892,5.2284,1
1786396550387,25800,25810,25810,10,3.0619,12.686131,8,30,30,0,,0.0,6619,1757,0,135.04,5.2321,1
1786396568115,25800,25820,25820,20,3.0818,12.691046,8,30,30,0,,0.0,1773,1757,0,135.0796,5.2316,1
1786396585652,25800,25830,25830,30,3.0949,12.695962,8,30,30,0,,0.0,1754,1757,0,135.1188,5.2311,1
1786396603150,25800,25840,25840,40,3.0756,12.700877,8,30,30,0,,0.0,1750,1755,0,135.1579,5.2306,1
1786396620668,25800,25850,25850,50,3.1004,12.705792,8,30,30,0,,0.0,1752,1755,0,135.1971,5.2301,1
1786396655166,25852,25860,25860,8,3.0777,12.710707,8,30,30,0,,0.0,3450,1757,0,135.2742,5.231,1
1786396672734,25852,25870,25870,18,3.065,12.715622,8,30,30,0,,0.0,1757,1757,0,135.3135,5.2305,1
1786396690262,25852,25880,25880,28,3.0382,12.720538,8,30,30,0,,0.0,1753,1757,0,135.3527,5.23,1
1786396707780,25852,25890,25890,38,3.1319,12.725453,8,30,30,0,,0.0,1752,1757,0,135.3918,5.2295,1
1786396725313,25852,25900,25900,48,3.11,12.730368,8,30,30,0,,0.0,1753,1757,0,135.431,5.229,1
1786396755291,25852,25910,25910,58,3.0706,12.735283,8,30,30,0,,0.0,2998,1757,0,135.4981,5.2296,1
1786396777862,25904,25920,25920,16,3.0706,12.740198,8,30,30,0,,0.0,2257,1757,0,135.5485,5.2295,1
1786396795344,25904,25930,25930,26,3.0828,12.745114,8,30,30,0,,0.0,1748,1757,0,135.5876,5.229,1
1786396812839,25904,25940,25940,36,3.0793,12.750029,8,30,30,0,,0.0,1750,1757,0,135.6267,5.2285,1
1786396830319,25904,25950,25950,46,3.0922,12.754944,8,30,30,0,,0.0,1748,1757,0,135.6658,5.228,1
1786396859231,25904,25960,25960,56,3.0768,12.759859,8,30,30,0,,0.0,2891,1759,0,135.7304,5.2284,1
1786396881342,25957,25970,25970,13,3.0786,12.764774,8,30,30,0,,0.0,2211,1759,0,135.7799,5.2283,1
1786396899066,25957,25980,25980,23,3.0941,12.76969,8,30,30,0,,0.0,1772,1757,0,135.8195,5.2278,1
1786396916615,25957,25990,25990,33,3.0835,12.774605,8,30,30,0,,0.0,1755,1757,0,135.8587,5.2273,1
1786396934167,25957,26000,26000,43,3.0918,12.77952,8,30,30,0,,0.0,1755,1757,0,135.8979,5.2268,1
1786396962496,25957,26010,26010,53,3.0885,12.784435,8,30,30,0,,0.0,2833,1759,0,135.9613,5.2273,1
1786396985191,26009,26020,26020,11,3.1069,12.78935,8,30,30,0,,0.0,2269,1759,0,136.012,5.2272,1
1786397002999,26009,26030,26030,21,3.1055,12.794266,8,30,30,0,,0.0,1781,1759,0,136.0518,5.2267,1
1786397020598,26009,26040,26040,31,3.0769,12.799181,8,30,30,0,,0.0,1760,1759,0,136.0912,5.2262,1
1786397038166,26009,26050,26050,41,3.0719,12.804096,8,30,30,0,,0.0,1757,1759,0,136.1304,5.2257,1
1786397055685,26009,26060,26060,51,3.0712,12.809011,8,30,30,0,,0.0,1752,1760,0,136.1696,5.2252,1
1786397089138,26061,26070,26070,9,3.0819,12.813926,8,30,30,0,,0.0,3345,1760,0,136.2444,5.2261,1
1786397106730,26061,26080,26080,19,3.0779,12.818842,8,30,30,0,,0.0,1759,1760,0,136.2837,5.2256,1
1786397124295,26061,26090,26090,29,3.0916,12.823757,8,30,30,0,,0.0,1756,1772,0,136.323,5.2251,1
1786397141885,26061,26100,26100,39,3.1034,12.828672,8,30,30,0,,0.0,1759,1781,0,136.3623,5.2246,1
1786397207976,26100,26110,26110,10,3.0827,12.833587,8,30,30,0,,0.0,6609,1788,0,136.5101,5.2283,1
1786397225856,26100,26120,26120,20,3.0782,12.838502,8,30,30,0,,0.0,1788,1788,0,136.55,5.2278,1
1786397243336,26100,26130,26130,30,3.0696,12.843418,8,30,30,0,,0.0,1748,1781,0,136.5891,5.2273,1
1786397260818,26100,26140,26140,40,3.085,12.848333,8,30,30,0,,0.0,1748,1781,0,136.6282,5.2268,1
1786397278301,26100,26150,26150,50,3.0724,12.853248,8,30,30,0,,0.0,1748,1788,0,136.6673,5.2263,1
1786397308918,26152,26160,26160,8,3.0909,12.858163,8,30,30,0,,0.0,3062,1988,0,136.7357,5.2269,1
1786397329955,26152,26170,26170,18,3.1098,12.863078,8,30,30,0,,0.0,2104,1788,0,136.7828,5.2267,1
1786397347395,26152,26180,26180,28,3.0814,12.867994,8,30,30,0,,0.0,1744,1781,0,136.8217,5.2262,1
1786397364885,26152,26190,26190,38,3.0749,12.872909,8,30,30,0,,0.0,1749,1760,0,136.8608,5.2257,1
1786397400827,26152,26160,26190,8,3.0695,12.858163,7,31,30,1,26190,0.0,2078,1788,0,136.9339,5.2345,1
1786397420969,26152,26170,26190,18,3.0878,12.863078,7,31,30,1,26190,0.0,2014,1988,0,136.979,5.2342,1
1786397440846,26152,26180,26190,28,3.0808,12.867994,7,31,30,1,26190,0.0,1988,1988,0,137.0234,5.2339,1
1786397478207,26182,26190,26190,8,3.1119,12.872909,7,31,30,1,26190,0.0,3736,1788,0,137.1069,5.2351,1
1786397498467,26182,26200,26200,18,3.1008,12.877824,7,31,30,1,26200,0.0,2026,1788,0,137.1522,5.2348,1
1786397518548,26182,26210,26210,28,3.1036,12.882739,7,31,30,1,26210,0.0,2008,1988,0,137.1971,5.2345,1
1786397538659,26182,26220,26220,38,3.064,12.887654,7,31,30,1,26220,0.0,2011,2008,0,137.2421,5.2343,1
1786397621138,26182,26190,26220,8,3.1133,12.872909,8,31,31,0,,0.0,2330,1988,0,137.4265,5.2473,1
1786397638446,26182,26200,26220,18,3.0884,12.877824,8,31,31,0,,0.0,1731,1988,0,137.4651,5.2468,1
1786397655701,26182,26210,26220,28,3.0927,12.882739,8,31,31,0,,0.0,1726,1988,0,137.5037,5.2462,1
1786397686677,26182,26220,26220,38,3.1023,12.887654,8,31,31,0,,0.0,3098,1988,0,137.573,5.2469,1
1786397709323,26214,26230,26230,16,3.1208,12.89257,8,31,31,0,,0.0,2265,2008,0,137.6236,5.2468,1
1786397726779,26214,26240,26240,26,3.0573,12.897485,8,31,31,0,,0.0,1746,1988,0,137.6626,5.2463,1
1786397744232,26214,26250,26250,36,3.0706,12.9024,8,31,31,0,,0.0,1745,1786,0,137.7016,5.2458,1
1786397761786,26214,26260,26260,46,3.0891,12.907315,8,31,31,0,,0.0,1755,1988,0,137.7409,5.2453,1
1786397792000,26214,26270,26270,56,3.0756,12.91223,8,31,31,0,,0.0,3021,1988,0,137.8084,5.2458,1
1786397814193,26267,26280,26280,13,3.0489,12.917146,8,31,31,0,,0.0,2219,1786,0,137.858,5.2457,1
1786397832057,26267,26290,26290,23,3.0933,12.922061,8,31,31,0,,0.0,1786,1773,0,137.898,5.2453,1
1786397849550,26267,26300,26300,33,3.1056,12.926976,8,31,31,0,,0.0,1749,1772,0,137.9371,5.2448,1
1786397867090,26267,26310,26310,43,3.0784,12.931891,8,31,31,0,,0.0,1754,1772,0,137.9763,5.2443,1
1786397895426,26267,26320,26320,53,3.0638,12.936806,8,31,31,0,,0.0,2834,1772,0,138.0396,5.2447,1
1786397917958,26319,26330,26330,11,3.0899,12.941722,8,31,31,0,,0.0,2253,1770,0,138.09,5.2446,1
1786397935688,26319,26340,26340,21,3.1081,12.946637,8,31,31,0,,0.0,1773,1757,0,138.1296,5.2441,1
1786397953389,26319,26350,26350,31,3.0903,12.951552,8,31,31,0,,0.0,1770,1756,0,138.1692,5.2436,1
1786397970840,26319,26360,26360,41,3.0871,12.956467,8,31,31,0,,0.0,1745,1757,0,138.2082,5.2431,1
1786397988353,26319,26370,26370,51,3.0618,12.961382,8,31,31,0,,0.0,1751,1770,0,138.2474,5.2426,1
1786398022084,26371,26380,26380,9,3.0886,12.966298,8,31,31,0,,0.0,3373,1766,0,138.3228,5.2435,1
1786398039808,26371,26390,26390,19,3.0871,12.971213,8,31,31,0,,0.0,1772,1757,0,138.3624,5.243,1
1786398057294,26371,26400,26400,29,3.0923,12.976128,8,31,31,0,,0.0,1749,1757,0,138.4015,5.2425,1
1786398123387,26402,26410,26410,8,3.0828,12.981043,8,31,31,0,,0.0,6609,1766,0,138.5493,5.2461,1
1786398140957,26402,26420,26420,18,3.1139,12.985958,8,31,31,0,,0.0,1757,1770,0,138.5885,5.2456,1
1786398158451,26402,26430,26430,28,3.0736,12.990874,8,31,31,0,,0.0,1749,1766,0,138.6276,5.2451,1
1786398175927,26402,26440,26440,38,3.0757,12.995789,8,31,31,0,,0.0,1748,1766,0,138.6667,5.2446,1
1786398193362,26402,26450,26450,48,3.0782,13.000704,8,31,31,0,,0.0,1743,1757,0,138.7057,5.2441,1
1786398222025,26402,26460,26460,58,3.129,13.005619,8,31,31,0,,0.0,2866,1766,0,138.7698,5.2445,1
1786398244653,26455,26470,26470,15,3.0918,13.010534,8,31,31,0,,0.0,2263,1766,0,138.8204,5.2444,1
1786398262116,26455,26480,26480,25,3.1142,13.01545,8,31,31,0,,0.0,1746,1766,0,138.8594,5.2439,1
1786398279679,26455,26490,26490,35,3.1275,13.020365,8,31,31,0,,0.0,1756,1757,0,138.8987,5.2434,1
1786398297124,26455,26500,26500,45,3.0821,13.02528,8,31,31,0,,0.0,1745,1757,0,138.9377,5.2429,1
1786398325899,26455,26510,26510,55,3.0435,13.030195,8,31,31,0,,0.0,2877,1756,0,139.002,5.2434,1
1786398347623,26507,26520,26520,13,3.0793,13.03511,8,31,31,0,,0.0,2172,1757,0,139.0506,5.2432,1
1786398365279,26507,26530,26530,23,3.1044,13.040026,8,31,31,0,,0.0,1766,1757,0,139.09,5.2427,1
1786398382730,26507,26540,26540,33,3.0859,13.044941,8,31,31,0,,0.0,1745,1757,0,139.129,5.2422,1
1786398400238,26507,26550,26550,43,3.0709,13.049856,8,31,31,0,,0.0,1751,1756,0,139.1682,5.2417,1
1786398428685,26507,26560,26560,53,3.0895,13.054771,8,31,31,0,,0.0,2845,1757,0,139.2318,5.2422,1
1786398453493,26559,,26560,1,,13.054771,8,31,31,0,,,,,0,139.2872,5.2442,1
